record_id,source_file,title,authors,year,journal,doi,final_include,resolution,audit_a_include,audit_b_include,metric_status,core_goal_status,artifact_status,exclusion_trigger_codes,final_reason_cn,confidence,fulltext_chars
186,00186_2021_will-humans-in-the-loop-become-borgs-merits-and-pitfalls-of-working-with-ai.md,Will Humans-in-the-Loop Become Borgs? Merits and Pitfalls of Working with AI,Andreas Fügener; Jörn Grahl; Alok Gupta; Wolfgang Ketter,2021,MIS Quarterly,10.25300/misq/2021/16553,False,independent_agreement_exclude,False,False,fully_objective_direct,theory_or_explanation_primary,algorithm_or_model_only,THEORY_OR_EXPLANATION_PRIMARY | OBJECTIVE_METRIC_NOT_CORE | NO_EXPLICIT_ARTIFACT_CLASS | NO_MATERIAL_ARTIFACT_CHANGE | NO_OPERATIONAL_INSTANTIATION,文章的主要客观指标（人类准确率、独特人类知识、群体准确率）均基于ImageNet事实标签和实际/模拟选择，客观可审计。但文章最终核心目标不是通过设计、构建或实质修改一个软件制品来提升这些指标，而是通过分析模型、实验和模拟揭示AI建议对人类独特知识和智慧众筹的效应并提出干预启示；属于行为/理论解释型研究。实验中的网页界面和个性化建议规则是研究工具与算法条件，不是作为软件制品贡献被实例化和运行。因此不满足“客观指标提升为最终核心目标”和“明确软件制品”两大必要条件。,0.9,118566
790,00790_2020_who-is-the-next-wolf-of-wall-street-detection-of-financial-intermediary-misconduct.md,Who Is the Next “Wolf of Wall Street”? Detection of Financial Intermediary Misconduct,Jens Lausen; Benjamin Clapham; Michael Siering; Peter Gomber,2020,Journal of the Association for Information Systems,10.17705/1jais.00633,False,independent_agreement_exclude,False,False,objective_fixed_factual_labels,theory_or_explanation_primary,algorithm_or_model_only,ALGORITHM_MODEL_ONLY | NO_EXPLICIT_ARTIFACT_CLASS | NO_MATERIAL_ARTIFACT_CHANGE | NO_OPERATIONAL_INSTANTIATION,文章使用的目标构念（金融中介违规）是基于 FINRA 最终披露的事实标签，分类性能指标客观可计算，因此指标部分通过。但文章核心是检验理论假设并评估数据特征和分类模型，而不是通过设计、构建或实质修改某一可运行的软件制品来提升指标；全文未给出任何软件制品类别、组件改造关系或运行实例，仅离线训练和评估了机器学习模型。因此不满足软件制品门槛，不能包含。,0.95,156566
1142,01142_2020_words-matter-toward-a-prosocial-call-to-action-for-online-referral-evidence-from-two-field-exper.md,Words Matter! Toward a Prosocial Call-to-Action for Online Referral: Evidence from Two Field Experiments,Jaehwuen Jung; Ravi Bapna; Joseph M. Golden; Tianshu Sun,2020,Information Systems Research,10.1287/isre.2019.0873,True,independent_agreement_include,True,True,fully_objective_direct,objective_improvement_primary,implemented_artifact_component,,文章核心目标是优化在线推荐 CTA 以提高推荐行为和购买转化等完全客观结果；主要结果变量（是否推荐、推荐数、接收者购买数/转化）均由平台日志和交易记录确定，不依赖主观感知或语义判断。研究通过设计并实际运行四个版本的电子邮件 CTA 及对应落地页组件，在大规模真实平台上进行了随机现场实验，实现了对在线推荐流程中数字组件（邮件/CTA 按钮/落地页）的实质性设计变更和实例化运行，并以客观结果评价其效果。MTurk 中的主观量表仅用于解释机制，不是核心成功标准。因此三个必要条件均满足。,0.97,105822
1518,01518_2020_a-dynamic-shipment-matching-problem-in-hinterland-synchromodal-transportation.md,A dynamic shipment matching problem in hinterland synchromodal transportation,Wenjing Guo; Bilge Atasoy; Wouter Beelaerts van Blokland; Rudy R. Negenborn,2020,Decision Support Systems,10.1016/j.dss.2020.113289,False,independent_agreement_exclude,False,False,no_qualifying_metric,unclear,algorithm_or_model_only,ALGORITHM_MODEL_ONLY | NO_EXPLICIT_ARTIFACT_CLASS | NO_MATERIAL_ARTIFACT_CHANGE | NO_OPERATIONAL_INSTANTIATION,该文的核心贡献是设计滚动时域方法和启发式算法，以最小化动态货物匹配的总成本。总成本和计算时间都是客观可计算指标，但文章将其作为优化算法性能指标，而不是通过实现或修改软件制品来提升。全文没有明确的软件制品类别、组件改造关系或实际实例化/运行证据；提到在线匹配平台仅是问题背景和未来展望。因此，算法/模型边界和软件制品门均不通过，应排除。,0.95,78303
1558,01558_2022_designing-hybrid-mechanisms-to-overcome-congestion-in-sequential-dutch-auctions.md,Designing Hybrid Mechanisms to Overcome Congestion in Sequential Dutch Auctions,Yixin Lu; Alok Gupta; Wolfgang Ketter; Eric van Heck,2022,MIS Quarterly,10.25300/misq/2022/16472,False,adjudicated_exclude,False,True,fully_objective_direct,objective_improvement_primary,algorithm_or_model_only,MARKET_MECHANISM_DESIGN_NOT_SOFTWARE | NO_AUTHOR_SOFTWARE_MODIFICATION_EVIDENCE | EXISTING_DIGITAL_AUCTION_PLATFORM_AS_CONTEXT_ONLY,文章的核心是拍卖机制设计，而不是软件制品设计。作者提出一种混合竞拍规则，通过博弈论模型和荷兰鲜花拍卖市场的准自然现场实验，证明其能提高运营效率、价格稳定性且不损害收入；所有核心结果均为客观交易日志指标，因此前两项门槛通过。但全文没有任何证据表明作者设计、构建或实质修改了某个软件制品或组件；混合机制的现场实施更像是既有数字拍卖系统上的规则变化，不能仅凭“implemented on three clocks”认定为作者实现的软件组件。按照证据不足即排除和软件制品门槛从严处理的原则，本文应被排除。,0.85,131637
1560,01560_2020_sustaining-a-good-impression-mechanisms-for-selling-partitioned-impressions-at-ad-exchanges.md,Sustaining a Good Impression: Mechanisms for Selling Partitioned Impressions at Ad Exchanges,Sameer Mehta; Milind Dawande; Ganesh Janakiraman; Vijay Mookerjee,2020,Information Systems Research,10.1287/isre.2019.0878,False,independent_agreement_exclude,False,False,fully_objective_direct,objective_improvement_primary,algorithm_or_model_only,NO_EXPLICIT_ARTIFACT_CLASS | NO_MATERIAL_ARTIFACT_CHANGE | NO_OPERATIONAL_INSTANTIATION | ALGORITHM_MODEL_ONLY,该文的核心指标是广告交易所期望收入，属于完全客观且以客观提升为核心目标的经济指标；但是软件制品门槛不满足。全文设计的是拍卖机制、分配/支付规则和动态规划算法，属于机制设计与算法模型研究，没有明确描述、构建或实质修改某一可运行的软件制品，也没有实现、实例化或运行该机制作为软件组件。数值实验是在合成实例上计算期望值，不能替代软件制品的运行证据。因此严格排除。,0.95,128595
1688,01688_2020_a-decision-support-system-for-home-dialysis-visit-scheduling-and-nurse-routing.md,A decision support system for home dialysis visit scheduling and nurse routing,Ahmet Kandakoglu; Antoine Sauré; Wojtek Michalowski; Michael Aquino; Janet Graham; Brendan McCormick,2020,Decision Support Systems,10.1016/j.dss.2019.113224,True,independent_agreement_include,True,True,fully_objective_direct,objective_improvement_primary,implemented_software_artifact,,本文核心目标是设计、实现和验证一个实际运行的决策支持系统HDSS，通过MILP优化护士访问日程与路线，以提升完全客观可测量的结果指标：总行驶距离、总行驶时间、所需护士数和成本节约。这些指标不依赖人的主观感知、评分或语义判断；评价部分与医院管理员手工方案进行对比，使用真实TOH数据报告了明确的客观指标改善。HDSS具有明确的软件制品类别（决策支持系统），包含具体模块化组件，并在研究中实际实现、运行和验证。因此满足全部七项门槛。,0.98,73461
1790,01790_2020_predicting-shareholder-litigation-on-insider-trading-from-financial-text-an-interpretable-deep-l.md,Predicting shareholder litigation on insider trading from financial text: An interpretable deep learning approach,Rong Liu; Feng Mai; Zhe Shan; Ying Wu,2020,Information & Management,10.1016/j.im.2020.103387,False,independent_agreement_exclude,False,False,objective_fixed_factual_labels,objective_improvement_primary,algorithm_or_model_only,NO_EXPLICIT_ARTIFACT_CLASS | NO_MATERIAL_ARTIFACT_CHANGE | NO_OPERATIONAL_INSTANTIATION | ALGORITHM_MODEL_ONLY,客观指标（内幕交易相关股东诉讼的AUC）及其作为核心目标均明确通过；然而，文章将所提方法描述为'analytics framework'，实现并评估的只是一个离线深度预测模型，未将其作为某类软件制品（如检测系统、决策支持系统、应用程序）的特定组件在真实系统或运行环境中实例化，也没有实际改造任何平台或工具。因此不满足软件制品三证据要求。,0.92,114498
1882,01882_2025_from-detractors-to-enhancers-harnessing-the-power-of-ad-customization-for-user-engagement-on-med.md,From Detractors to Enhancers: Harnessing the Power of Ad Customization for User Engagement on Media Websites,Martin Adam; Dominick Kosin; Alexander Benlian,2025,Journal of the Association for Information Systems,10.17705/1jais.00907,True,independent_agreement_include,True,True,fully_objective_direct,objective_improvement_primary,implemented_artifact_component,,文章通过真实媒体网站上的随机现场实验，实际实现并运行了广告数量定制界面（AQC）这一网站功能组件。核心成功指标为用户的实际行为：访问时长、唯一页面数、回访率，均从点击流日志确定性观测，不依赖人类主观评价或语义判断。研究问题、假设、分析和贡献均以提高这些客观参与指标为核心目标。主观操纵检查（感知广告杂乱、感知可定制性）只用于验证实验设计，不作为共同主要结果；感知赋能仅作为理论机制未被测量。因此完全满足三个必要条件。,0.96,113237
1944,01944_2020_a-novel-recommendation-model-for-online-to-offline-service-based-on-the-customer-network-and-ser.md,A Novel Recommendation Model for Online-to-Offline Service Based on the Customer Network and Service Location,Yuchen Pan; Desheng Wu,2020,Journal of Management Information Systems,10.1080/07421222.2020.1759927,False,independent_agreement_exclude,False,False,fully_objective_direct,objective_improvement_primary,algorithm_or_model_only,NO_EXPLICIT_ARTIFACT_CLASS | NO_MATERIAL_ARTIFACT_CHANGE | NO_OPERATIONAL_INSTANTIATION | ALGORITHM_MODEL_ONLY,文章核心目标是提出并改进O2O推荐模型，使用Precision、Recall、F-Score等客观推荐性能指标评估，指标基于用户实际服务使用记录（客观行为事实），因此满足客观指标和核心目标条件。但全文仅将CNLRec作为推荐算法/模型在离线数据集上评估，没有明确指定其为软件制品类别，没有构建或实质修改任何可运行的软件系统/组件，也没有在实际系统中实例化运行。因此，不满足软件制品的三个必要条件，予以排除。,0.98,98008
1946,01946_2020_effectiveness-of-location-based-advertising-and-the-impact-of-interface-design.md,Effectiveness of Location-Based Advertising and the Impact of Interface Design,Dominik Molitor; Martin Spann; Anindya Ghose; Philipp Reichhart,2020,Journal of Management Information Systems,10.1080/07421222.2020.1759922,True,independent_agreement_include,True,True,fully_objective_direct,objective_improvement_primary,implemented_software_artifact,,文章以优惠券点击率这一完全客观的行为日志指标为核心结果，明确旨在识别和量化能够提升该指标的界面设计；其通过真实移动应用中的随机现场实验，实质修改了应用的界面组件（距离信息显示和排序机制），并在运行中实例化，产生了点击率结果。因此满足完全客观指标、核心目标为客观指标改进、以及软件制品实际实例化三个必要条件。,0.98,92451
2006,02006_2022_cross-lingual-cybersecurity-analytics-in-the-international-dark-web-with-adversarial-deep-repres.md,Cross-Lingual Cybersecurity Analytics in the International Dark Web with Adversarial Deep Representation Learning,Mohammadreza Ebrahimi; Yidong Chai; Sagar Samtani; Hsinchun Chen,2022,MIS Quarterly,10.25300/misq/2022/16618,False,independent_agreement_exclude,False,False,objective_fixed_factual_labels,objective_improvement_primary,algorithm_or_model_only,NO_EXPLICIT_ARTIFACT_CLASS | NO_MATERIAL_ARTIFACT_CHANGE | ALGORITHM_MODEL_ONLY,该文的目标和核心贡献确实是提升黑客资产检测的客观性能指标（Accuracy、F1、AUC），标签属于可由操作性规则定义的事实类别，因此指标门槛通过。但软件制品门槛未通过：全文将 CLHAD 称为 IT artifact 或 framework，实际描述的是 ADREL+二元分类器的机器学习方法，没有明确说明它构成或嵌入某类实际运行的软件制品（如检测系统、平台、工具、插件、界面、决策支持系统等）。作者只提供了模型和代码，在数据集上训练和评估，属于算法/模型层面，而非被实例化的软件制品或制品组件。因此严格排除。,0.93,78736
2826,02826_2022_combining-crowd-and-machine-intelligence-to-detect-false-news-on-social-media.md,Combining Crowd and Machine Intelligence to Detect False News on Social Media,Xuan Wei; Zhu Zhang; Mingyue Zhang; Weiyun Chen; Daniel Dajun Zeng,2022,MIS Quarterly,10.25300/misq/2022/16526,False,independent_agreement_exclude,False,False,objective_fixed_factual_labels,objective_improvement_primary,algorithm_or_model_only,NO_EXPLICIT_ARTIFACT_CLASS | NO_MATERIAL_ARTIFACT_CHANGE | ALGORITHM_MODEL_ONLY,核心指标（虚假新闻检测的PR AUC/F1等）基于外部事实核查标签，构念客观，且改进该指标是文章核心目标；但CAND是一个算法/建模框架，文章没有明确其为某类软件制品，也没有对现有平台或系统组件进行实质性改造和实例化部署，仅是离线训练并评估模型。因此不满足软件制品必要条件。,0.92,125933
3686,03686_2020_finding-useful-solutions-in-online-knowledge-communities-a-theory-driven-design-and-multilevel-a.md,Finding Useful Solutions in Online Knowledge Communities: A Theory-Driven Design and Multilevel Analysis,Xiaomo Liu; G. Alan Wang; Weiguo Fan; Zhongju Zhang,2020,Information Systems Research,10.1287/isre.2019.0911,False,independent_agreement_exclude,False,False,subjective_construct_with_fixed_labels,objective_improvement_primary,implemented_software_artifact,SUBJECTIVE_CONSTRUCT | HUMAN_SEMANTIC_JUDGMENT,文章核心目标虽然是构建并评估一个文本分析/机器学习系统以提升“有用解决方案”的预测性能，但其目标构念是用户感知到的信息有用性，标签来自提问者或领域专家的人工判断。即使 f-measure 等计算指标可客观计算，也属于“主观构念+固定标签”，不满足完全客观指标的要求。因此客观性三关失败，严格纳入不成立。软件制品方面，作者确实实例化了包含爬虫、解析器、特征提取和分类器的系统，因此制品相关门槛可通过。,0.97,123117
3854,03854_2020_a-two-stage-machine-learning-framework-to-predict-heart-transplantation-survival-probabilities-o.md,A two-stage machine learning framework to predict heart transplantation survival probabilities over time with a monotonic probability constraint,Hamidreza Ahady Dolatsara; Ying-Ju Chen; Christy Evans; Ashish Gupta; Fadel M. Megahed,2020,Decision Support Systems,10.1016/j.dss.2020.113363,False,adjudicated_exclude,True,False,objective_fixed_factual_labels,objective_metric_secondary,implemented_software_artifact,OBJECTIVE_METRIC_NOT_CORE,文章使用UNOS登记中的实际生存/死亡事实标签计算AUC、G-Mean等客观指标，并且实际创建并部署了H-TOP Web应用，因此指标客观性和软件制品实例化条件均满足。然而，文章的核心目标和贡献是提出一个通用两阶段机器学习框架，利用等张回归保证多期生存概率曲线随时间单调；AUC、G-Mean等预测性能提升仅为展示框架效用的次要验证结果，且在局限部分明确表示未试图优化预测性能。按照“客观结果仅为次要评价，或文章核心是解释理论/方法而非指标提升”的排除条款，本记录不应纳入。,0.85,80820
4588,04588_2020_stratifying-no-show-patients-into-multiple-risk-groups-via-a-holistic-data-analytics-based-frame.md,Stratifying no-show patients into multiple risk groups via a holistic data analytics-based framework,Serhat Simsek; Thomas Tiahrt; Ali Dag,2020,Decision Support Systems,10.1016/j.dss.2020.113269,True,independent_agreement_include,True,True,objective_fixed_factual_labels,objective_improvement_primary,implemented_software_artifact,,文章以提升 no-show 预测性能（灵敏度、AUC等客观指标）为核心目标，这些指标基于实际赴约事实标签，不依赖主观判断；同时明确开发了一个可运行的 Web 决策支持工具，将最佳 ANN 模型实例化为实际制品，并提供访问链接和性能评价。因此满足全部三项必要条件。,0.95,81792
4624,04624_2022_reciprocity-or-self-interest-leveraging-digital-social-connections-for-healthy-behavior.md,Reciprocity or Self-Interest? Leveraging Digital Social Connections for Healthy Behavior,Che-Wei Liu; Guodong (Gordon) Gao; Ritu Agarwal,2022,MIS Quarterly,10.25300/misq/2022/16177,True,independent_agreement_include,True,True,fully_objective_direct,objective_improvement_primary,implemented_artifact_component,,"文章以满足客观身体活动改进为核心目标：主要结果变量为基于跑步距离的挑战完成率和总跑步距离，均由平台设备客观记录，不依赖主观感知。实验通过在真实移动健身社交平台上设计并运行三种数字激励条件（含好友赠礼、金币归属控制、不同推送消息等）实现该改进，且实际部署于1,738对用户并产生日志行为。虽然平台是现有系统且部分问卷包含主观测量，但问卷仅用于机制解释和非核心稳健性检验，不影响核心结果的客观性。因此符合严格纳入标准。",0.96,152663
4736,04736_2020_bayesian-neural-networks-for-flight-trajectory-prediction-and-safety-assessment.md,Bayesian neural networks for flight trajectory prediction and safety assessment,Xiaoge Zhang; Sankaran Mahadevan,2020,Decision Support Systems,10.1016/j.dss.2020.113246,False,independent_agreement_exclude,False,False,fully_objective_direct,objective_improvement_primary,algorithm_or_model_only,ALGORITHM_MODEL_ONLY | NO_EXPLICIT_ARTIFACT_CLASS | NO_MATERIAL_ARTIFACT_CHANGE | NO_OPERATIONAL_INSTANTIATION,该文完全客观的核心指标是轨迹预测误差和分离距离预测误差，且提升预测精度/安全评估是文章的核心目标，因此客观指标门槛通过。但全文交付物是贝叶斯 DNN/LSTM 预测模型、集成算法和数学安全指标；没有说明这些模型被嵌入或运行在某一个明确的可运行软件制品（如决策支持系统、检测系统、可视化系统）中。Apache Spark 程序仅用于数据预处理，未来才计划开发可视化系统。按算法/模型边界规则，属于单纯的飞行轨迹预测模型，不满足软件制品三项门槛，严格排除。,0.92,105682
5368,05368_2020_can-recommender-systems-reduce-healthcare-costs-the-role-of-time-pressure-and-cost-transparency.md,Can Recommender Systems Reduce Healthcare Costs? The Role of Time Pressure and Cost Transparency in Prescription Choice,Lina Bouayad; Balaji Padmanabhan; Kaushal Chari,2020,MIS Quarterly,10.25300/misq/2020/14435,True,independent_agreement_include,True,True,fully_objective_direct,objective_improvement_primary,implemented_software_artifact,,文章通过设计和运行一个成本感知的临床推荐系统原型，以查看/调整处方两个客观行为指标为核心因变量，评估了推荐系统对处方成本降低的作用。这些指标不依赖主观感知，成本降低是设计目标，系统被实际实例化和使用，符合严格纳入标准。,0.93,149717
5390,05390_2020_preference-enhanced-hybrid-expertise-retrieval-system-in-community-question-answering-services.md,Preference enhanced hybrid expertise retrieval system in community question answering services,Dipankar Kundu; Rajat Kumar Pal; Deba Prasad Mandal,2020,Decision Support Systems,10.1016/j.dss.2019.113164,True,independent_agreement_include,True,True,objective_fixed_factual_labels,objective_improvement_primary,implemented_software_artifact,,该文提出并实现了一个完整的、可运行的专家检索系统 PEHER，具有明确的软件制品类别（CQA 专家检索系统）和清晰的组件结构（偏好估计器、权威估计器、专家估计器），并在 Java 中实际实现、运行于四个真实数据集上。其评价指标 MRR、P@N、R@N、MSC@N、Accuracy 均基于实际回答者的事实标签，构念和测量完全客观，不依赖人类主观感知或语义判断。文章的核心目标明确是通过系统设计与组件改进提升这些客观检索指标，且全部主要成功结果均为这些客观指标。因此，该文满足纳入条件。,0.95,67508
5780,05780_2023_rolex-a-novel-method-for-interpretable-machine-learning-using-robust-local-explanations.md,ROLEX: A Novel Method for Interpretable Machine Learning Using Robust Local Explanations,Buomsoo (Raymond) Kim; Karthik Srinivasan; Sung Hye Kong; Jung Hee Kim; Chan Soo Shin; Sudha Ram,2023,MIS Quarterly,10.25300/misq/2022/17141,True,independent_agreement_include,True,True,fully_objective_direct,objective_improvement_primary,implemented_artifact_component,,文章以提升局部解释忠实性（Local Fidelity/LDA-Fidelity）为核心目标，该指标由模型输出和采样数据计算，不依赖人的主观感知或语义判断，属于完全客观的技术性能指标。作者实际设计并实现了ROLEX方法，并将其作为原型HPA系统/用户界面的核心解释组件运行于多个真实数据集和脆弱性骨折病例中，具备明确的软件制品类别、实质性组件改造和运行证据。专家访谈虽包含主观定性内容，但仅作为辅助性潜力说明，不构成核心成功判据。因此满足全部七项门槛。,0.85,131994
6738,06738_2020_ingredients-for-successful-badges-evidence-from-a-field-experiment-in-bike-commuting.md,Ingredients for successful badges: evidence from a field experiment in bike commuting,Zachary J. Sheffler; De Liu; Shawn P. Curley,2020,European Journal of Information Systems,10.1080/0960085x.2020.1808539,False,independent_agreement_exclude,False,False,fully_objective_direct,objective_improvement_primary,platform_only_context,NO_EXPLICIT_ARTIFACT_CLASS | NO_MATERIAL_ARTIFACT_CHANGE | NO_OPERATIONAL_INSTANTIATION,该文的核心目标和结果指标是完全客观的骑行天数，且指标由RFID技术自动记录，因此通过指标和核心目标门槛。然而，文章没有明确说明所设计/构建的软件制品类别：虽然研究者重新设计了新闻邮件和仪表盘，但这些只是既有大学自行车通勤项目中的显示界面内容，不是可运行的独立软件制品或实质改造的信息系统组件；没有证据表明作者设计或构建了软件系统、平台或模块，也没有展示该软件制品被实际实例化或运行并产生结果。文章本质上是在现有真实信息系统环境中实施的徽章设计因素随机实验，而非以构建软件制品为贡献的设计科学研究。因此不满足软件制品三项门槛。,0.88,70245
7274,07274_2020_antisocial-online-behavior-detection-using-deep-learning.md,Antisocial online behavior detection using deep learning,Elizaveta Zinovyeva; Wolfgang Karl Härdle; Stefan Lessmann,2020,Decision Support Systems,10.1016/j.dss.2020.113362,False,independent_agreement_exclude,False,False,subjective_construct_with_fixed_labels,unclear,algorithm_or_model_only,SUBJECTIVE_CONSTRUCT | HUMAN_SEMANTIC_JUDGMENT | ALGORITHM_MODEL_ONLY | NO_EXPLICIT_ARTIFACT_CLASS | NO_MATERIAL_ARTIFACT_CHANGE | NO_OPERATIONAL_INSTANTIATION,指标方面，文章评估的是‘恶意/反社会/有毒内容’检测的分类性能，标签来自人类标注者的语义判断，属于主观构念，不满足完全客观或固定事实标签标准。核心目标方面，文章是基准与算法比较研究，目标是提高检测准确性，但该准确率针对主观标签，且未以提升某个客观业务结果为核心贡献；虽然检测准确性是主要目标，但不存在合格的客观指标。软件制品方面，只实现了多种 DL 模型（含新提出的 psHAN）并在数据集上实验，没有明确构建/修改并运行任何软件制品或检测系统组件；系统只是概念性讨论。因此七道门槛均不满足，严格排除。,0.95,60954
7654,07654_2024_automated-analysis-of-changes-in-privacy-policies-a-structured-self-attentive-sentence-embedding.md,Automated Analysis of Changes in Privacy Policies: a Structured Self-Attentive Sentence Embedding Approach,Fangyu Lin; Sagar Samtani; Hongyi Zhu; Laura Brandimarte; Hsinchun Chen,2024,MIS Quarterly,10.25300/misq/2024/17115,False,adjudicated_exclude,True,False,human_semantic_judgment,objective_improvement_primary,algorithm_or_model_only,HUMAN_SEMANTIC_JUDGMENT | ALGORITHM_MODEL_ONLY,文章的核心目标是改进隐私政策数据实践段落的自动多标签标注性能，评价指标为F1、precision、recall和hamming loss。但这些标签来自法学学生对政策文本的语义解读，不是独立于人类主观判断的外部可核验事实；即使标签固定后计算F1，仍属于主观语义判断构念。同时，SAAS虽然以'system'为名并被实现和运行，但其实质是一个PyTorch实现的深度学习模型/算法，没有用户界面、API或生产部署，属于算法/离线模型而非可纳入的软件制品。因此三个必要条件均不满足，应排除。,0.87,159312
8316,08316_2021_a-deep-learning-approach-for-recognizing-activity-of-daily-living-adl-for-senior-care-exploiting.md,A Deep Learning Approach for Recognizing Activity of Daily Living (ADL) for Senior Care: Exploiting Interaction Dependency and Temporal Patterns,Hongyi Zhu; Sagar Samtani; Randall A. Brown; Hsinchun Chen,2021,MIS Quarterly,10.25300/misq/2021/15574,False,independent_agreement_exclude,False,False,objective_fixed_factual_labels,objective_improvement_primary,algorithm_or_model_only,NO_EXPLICIT_ARTIFACT_CLASS | ALGORITHM_MODEL_ONLY | NO_OPERATIONAL_INSTANTIATION,该文的核心结果指标（F1、Accuracy、ABLD、Acc@1/2）是完全客观的，且提升这些指标确实是文章的核心设计目标；但它被构建和评价的是深度学习方法/模型框架，而不是明确类别、可运行的软件制品，也没有实质修改或部署某个信息系统/平台/工具。按照算法/模型边界，仅在数据集上实现和运行 I-CNN、启发式手势识别、S2S_GRU，属于算法或模型层面的贡献，不满足软件制品相关三个门槛，因此严格排除。,0.92,148955
8352,08352_2024_interleaved-design-for-e-learning-theory-design-and-empirical-findings.md,"Interleaved Design for E-Learning: Theory, Design, and Empirical Findings",Andy Tao Li; De Liu; Sean Xin Xu; Cheng Yi,2024,MIS Quarterly,10.25300/misq/2023/17206,True,independent_agreement_include,True,True,fully_objective_direct,objective_improvement_primary,implemented_software_artifact,,文章核心目标是提升学习绩效这一完全客观的结果指标；主要评价指标为系统自动评分的后测阅读成绩，不依赖主观感知或语义判断；同时文章设计、构建并实际运行了一个包含HMM弱主题检测、知识地图和调度引擎的个性化在线学习系统，并通过现场实验对该系统的学习绩效提升进行评价。七个门槛均满足。,0.98,124505
8372,08372_2020_x-im-framework-to-overcome-semantic-heterogeneity-across-xbrl-filings.md,X-IM Framework to Overcome  Semantic Heterogeneity Across XBRL Filings,Dapeng Liu; Ugochukwu Etudo; Victoria Yoon,2020,Journal of the Association for Information Systems,10.17705/1jais.00626,True,adjudicated_include,False,True,objective_fixed_factual_labels,objective_improvement_primary,implemented_software_artifact,,文章以提升XBRL元素到财务概念的自动映射准确率为核心目标，使用精确率、召回率和F值作为核心评估指标，这些指标基于外部可核验的XBRL标准与会计概念，属于客观可测结果。作者明确设计并实现了X-IM系统，包含EDGAR爬虫、IOnto生成器和IBC学习器三个组件，使用Selenium、Java/Jena、Python等工具实际编码，并在92家S&P 100公司的真实10-K XBRL数据上进行训练、测试和对比实验，满足明确设计、实际实例化和运行的要求。因此三项资格门全部通过，应纳入。,0.95,109094
8476,08476_2020_novice-digital-service-designers-decision-making-with-decision-aids-a-comparison-of-taxonomy-and.md,Novice digital service designers' decision-making with decision aids — A comparison of taxonomy and tags,Xuanhui Liu; Karl Werder; Alexander Maedche,2020,Decision Support Systems,10.1016/j.dss.2020.113367,False,independent_agreement_exclude,False,False,mixed_objective_subjective,theory_or_explanation_primary,platform_only_context,THEORY_OR_EXPLANATION_PRIMARY | MIXED_CORE_OUTCOMES | NO_EXPLICIT_ARTIFACT_CLASS | NO_MATERIAL_ARTIFACT_CHANGE | PLATFORM_CONTEXT_ONLY,文章确实使用了客观的选择准确率作为核心因变量，且该指标按预定义答案计数，不依赖用户主观评价；但文章的核心目标是检验认知适配理论、决策辅助与决策风格之间的关系，属于理论解释型研究，而非以提升客观指标为最终工程贡献。同时，认知努力是研究模型中的核心中介/结果变量，却使用Likert主观自报量表测量，因此核心成功结果中混合了主观构念。制品方面，实验仅将taxonomy/tags/list作为内容嵌入LimeSurvey平台，没有明确设计或实质修改一个信息系统/软件组件，也没有将其作为被评价的软件制品实例化。综上，七个门槛不能全部通过。,0.9,86714
8796,08796_2025_ruckus-in-the-rentals-seeking-new-arrangements-remedying-the-impact-of-home-sharing-on-urban-noi.md,"Ruckus in the Rentals, Seeking New Arrangements: Remedying the Impact of Home-Sharing on Urban Noise",Yi Ding; Moksh Matta; Ram Gopal; Haifeng Xu,2025,MIS Quarterly,10.25300/misq/2024/18049,False,independent_agreement_exclude,False,False,mixed_objective_subjective,theory_or_explanation_primary,algorithm_or_model_only,SUBJECTIVE_CONSTRUCT | MIXED_CORE_OUTCOMES | OBJECTIVE_METRIC_NOT_CORE | NO_EXPLICIT_ARTIFACT_CLASS | NO_MATERIAL_ARTIFACT_CHANGE | NO_OPERATIONAL_INSTANTIATION | ALGORITHM_MODEL_ONLY | SIMULATION_ONLY,文章核心是实证研究平台使用对城市噪声的影响，并基于模拟提出nudging algorithm。虽然噪声投诉和收入是客观结果，但核心目标还包括满足用户偏好，且算法仅在离线仿真中验证，未实际构建、修改或运行软件制品。因此不满足客观指标核心目标与软件制品实例化门槛。,0.97,103291
9076,09076_2020_the-effect-of-intention-analysis-based-fraud-detection-systems-in-repeated-supply-chain-quality.md,The effect of intention analysis-based fraud detection systems in repeated supply Chain quality inspection: A context of learning and contract,Jiaqi Yan; Xin Li; Yani Shi; Sherry Sun; Huaiqing Wang,2020,Information & Management,10.1016/j.im.2019.103177,False,independent_agreement_exclude,False,False,fully_objective_direct,theory_or_explanation_primary,implemented_software_artifact,THEORY_OR_EXPLANATION_PRIMARY,三项核心结果指标（决策时间、检查成本、拒绝正确性）均为完全客观且可直接观测，且IAFDS作为实际实现的DSS在实验中运行。然而，文章的核心目标不是通过设计、构建或实质修改软件制品来提升客观指标，而是以重复质检博弈为情境，实证检验IAFDS对买家决策绩效的影响，并基于绩效改进理论解释学习效应和合同类型的调节作用。贡献声明和讨论均以理论解释、行为理解和系统影响为主，而非以客观指标改进为最终核心贡献，因此不满足核心目标门槛。,0.93,105047
9116,09116_2023_let-artificial-intelligence-be-your-shelf-watchdog-the-impact-of-intelligent-image-processing-po.md,Let Artificial Intelligence Be Your Shelf Watchdog: The Impact of Intelligent Image Processing-Powered Shelf Monitoring on Product Sales,Yipu Deng; Jinyang Zheng; Liqiang Huang; Karthik Kannan,2023,MIS Quarterly,10.25300/misq/2022/16813,True,independent_agreement_include,True,True,fully_objective_direct,objective_improvement_primary,implemented_software_artifact,,文章的最终目标和核心贡献是评估并证明IIP驱动的货架监控系统对产品销售额的因果提升；主因变量是店级销售额，完全客观且不依赖主观感知。软件制品是实际运行的移动应用和AI图像识别/反馈组件，作者与制造商合作开发并在多个田野实验中实际部署和改动（包括终止AI和仅拍照条件），因此满足客观指标为核心、软件制品实际实例化的全部必要条件。,0.96,121262
9230,09230_2021_design-principles-for-robust-fraud-detection-the-case-of-stock-market-manipulations.md,Design Principles for Robust Fraud Detection:  The Case of Stock Market Manipulations,Michael Siering; Jan Muntermann; Miha Grčar,2021,Journal of the Association for Information Systems,10.17705/1jais.00657,True,adjudicated_include,True,False,objective_fixed_factual_labels,objective_improvement_primary,implemented_artifact_component,,文章核心目标是通过设计原则和设计特征构建鲁棒欺诈检测分类组件，评价指标是对SEC标准等可核验操作标签的预测准确率、精确率、召回率、F1及模拟攻击下的鲁棒性，均客观可计算，且改进这一客观性能是全文主要目的。作者在第3.2节明确将算法实现作为实例化IT制品，并实际构建了文档转换、SVM分类、组合特征和集成学习等组件，通过10折交叉验证和攻击模拟运行评估，满足软件制品/组件实例化要求。审计B对完整系统集成的要求超出本裁决标准。,0.82,96855
9276,09276_2020_an-intelligent-decision-support-system-prototype-for-hinterland-port-logistics.md,An intelligent decision support system prototype for hinterland port logistics,Elnaz Irannezhad; Carlo G. Prato; Mark Hickman,2020,Decision Support Systems,10.1016/j.dss.2019.113227,False,independent_agreement_exclude,False,False,fully_objective_direct,objective_improvement_primary,algorithm_or_model_only,ALGORITHM_MODEL_ONLY | SIMULATION_ONLY | NO_OPERATIONAL_INSTANTIATION | NO_MATERIAL_ARTIFACT_CHANGE,本文的核心目标是通过仿真量化智能DSS/PCS对腹地集装箱运输成本、距离、时间和车辆利用率的影响，这些指标可客观计算且是主要结果，因此指标和核心目标两关通过。然而，文章实际实现并运行的只是一个多智能体仿真模型与RL/DCVRPTW优化算法，并非一个真正被实例化或运行的信息系统、平台或DSS软件制品；文中“envisaged”的软件架构说明其DSS/PCS仍处于概念和仿真阶段。按照严格口径，这属于算法/模型或仿真方法，不满足软件制品条件。,0.86,70591
9376,09376_2020_foresim-bi-a-predictive-analytics-decision-support-tool-for-capacity-planning.md,ForeSim-BI: A predictive analytics decision support tool for capacity planning,Duarte Dinis; Ângelo Palos Teixeira; Ana Barbosa-Póvoa,2020,Decision Support Systems,10.1016/j.dss.2020.113266,True,independent_agreement_include,True,True,fully_objective_direct,objective_improvement_primary,implemented_software_artifact,,该文提出并实现了决策支持工具ForeSim-BI，核心目标是通过融合预测、贝叶斯更新、蒙特卡洛仿真和贝叶斯网络四个模块，提升维修工作量预测准确性，从而改善容量规划。核心成功指标是预测工作量与实际观察人时之间的PE、MAE、MAPE，均为可直接审计的客观事实，不依赖人的主观判断。文中明确说明工具在葡萄牙航空MRO开发并实现，使用171个真实维修项目数据，在真实‘8C’检查上运行并与现行工程估计比较，具备实际实例化和运行证据。因此，七项门槛全部满足。,0.95,86846
9796,09796_2020_partial-order-resolution-of-event-logs-for-process-conformance-checking.md,Partial order resolution of event logs for process conformance checking,Han van der Aa; Henrik Leopold; Matthias Weidlich,2020,Decision Support Systems,10.1016/j.dss.2020.113347,True,independent_agreement_include,True,True,fully_objective_direct,objective_improvement_primary,implemented_artifact_component,,该文以 partial order resolution 提升过程合规检查在顺序不确定事件日志上的准确性和运行效率为核心目标；核心指标是相对真实合规值的 RMSE/log-level error 以及运行时间，均由形式化模型、事件日志和可复现计算确定，不依赖人的主观感知或语义评价。作者不仅提出算法，还明确将其实现为 ProM 6 插件，并在真实和合成数据上实际运行和评价，满足软件制品组件实例化要求。未发现主观共同主要结果、算法仅离线训练或仅将平台作为数据源等排除情形。,0.96,90964
10546,10546_2020_containing-covid-19-through-physical-distancing-the-impact-of-real-time-crowding-information.md,Containing COVID-19 through physical distancing: the impact of real-time crowding information,Martin Adam; Dominick Werner; Charlotte Wendt; Alexander Benlian,2020,European Journal of Information Systems,10.1080/0960085x.2020.1814681,True,independent_agreement_include,True,True,fully_objective_direct,objective_improvement_primary,implemented_software_artifact,,文章创建了一个实际的决策支持网站（软件制品），操纵了其中的拥挤信息显示组件，并以参与者在网站中的实际选择行为（所选地点的拥挤等级）作为核心客观结果。研究证实了显示拥挤信息可显著提高用户选择较不拥挤地点的概率，且这一目标直接服务于遏制COVID-19的身体距离实践。因此，文章满足完全客观指标、客观指标改善为核心目标、软件制品被实际实例化运行三项必要条件。,0.92,70572
10650,10650_2020_human-identification-for-activities-of-daily-living-a-deep-transfer-learning-approach.md,Human Identification for Activities of Daily Living: A Deep Transfer Learning Approach,Hongyi Zhu; Sagar Samtani; Hsinchun Chen; Jay F. Nunamaker,2020,Journal of Management Information Systems,10.1080/07421222.2020.1759961,True,adjudicated_include,True,False,objective_fixed_factual_labels,objective_improvement_primary,implemented_artifact_component,,文章以设计科学范式开发和评估 DTL-HID 框架，核心目标是提升对象运动传感器场景下 ADL 执行者身份识别的准确率、精确率、召回率、F1 和 AUC。身份标签是匿名受试者事实类别，预测正确性通过与数据集中记录的真实操作者身份逐样本比对确定，不依赖人类主观感知或语义判断；四项实验核心结果均为这些客观分类指标。软件制品证据充分：作者明确设计了 CNN-HID 模型（1D 时间卷积与 2D 跨轴交互卷积）和三步 DTL-HID 算法，给出算法伪码，并用 Python 3.6/Keras/scikit-learn 在 Ubuntu 上实现，在 HANDY 与 OPPO_GLASS、OPPO_CUP、OPPO_SPOON、OPPO_BREAD 真实数据集上训练、迁移、适配和评估；结论中明确称其为 IT artifact instantiations。该框架是 ADL 监测系统中的核心可运行分析组件，不是仅离线训练一个预测模型而无制品关系。因此三项资格门槛均满足，应纳入。,0.97,89506
10860,10860_2020_optimizing-microtask-assignment-on-crowdsourcing-platforms-using-markov-chain-monte-carlo.md,Optimizing microtask assignment on crowdsourcing platforms using Markov chain Monte Carlo,Alireza Moayedikia; Hadi Ghaderi; William Yeoh,2020,Decision Support Systems,10.1016/j.dss.2020.113404,False,independent_agreement_exclude,False,False,objective_fixed_factual_labels,objective_improvement_primary,algorithm_or_model_only,NO_EXPLICIT_ARTIFACT_CLASS | NO_MATERIAL_ARTIFACT_CHANGE | NO_OPERATIONAL_INSTANTIATION | ALGORITHM_MODEL_ONLY,该文以 AUC 和 F-Score 等客观分类性能指标为核心评价，这些指标若基于事实标签可视为客观，且文章核心目标确实是提升任务分配算法的客观性能。然而，文中提出的 MCMC-TA 是一个任务分配算法，仅在数据集上进行离线模拟比较，没有明确软件制品类别，没有设计或修改任何具体系统组件，也没有在真实或可运行的软件制品中实例化。因此不满足“软件制品”这一必要条件，应排除。,0.96,59062
10970,10970_2022_discovering-emerging-threats-in-the-hacker-community-a-nonparametric-emerging-topic-detection-fr.md,Discovering Emerging Threats in the Hacker Community: A Nonparametric Emerging Topic Detection Framework,Weifeng Li; Hsinchun Chen,2022,MIS Quarterly,10.25300/misq/2022/15642,False,independent_agreement_exclude,False,False,objective_fixed_factual_labels,objective_improvement_primary,algorithm_or_model_only,NO_EXPLICIT_ARTIFACT_CLASS | NO_MATERIAL_ARTIFACT_CHANGE | NO_OPERATIONAL_INSTANTIATION | ALGORITHM_MODEL_ONLY,该文提出了一个基于非参数主题模型（conditional HDP）和 Bayes factor 检测的新兴主题检测方法 NPETD，并将 precision、recall、F-measure、topic coherence、处理器时间作为核心成功指标；这些指标中，检测指标基于预定义的事实类别标签，计算和性能指标均客观可核验，核心目标也是通过方法设计提升这些客观指标。然而，在软件制品门槛上证据不足：全文将贡献对象描述为 framework、topic model、inference algorithm 和 emergence detection mechanism，没有明确声明或描述一个可运行的信息系统、应用、平台、插件或软件工具；离线数据集上的实验和对 Altenens 论坛的回顾性应用属于算法评估和语料分析，而不是被实际实例化的软件制品或其组件。因此 strict_include 为 false。,0.87,71869
11058,11058_2023_unlocking-the-power-of-voice-for-financial-risk-prediction-a-theory-driven-deep-learning-design.md,Unlocking the Power of Voice for Financial Risk Prediction: A Theory-Driven Deep Learning Design Approach,Yi Yang; Yu Qin; Yangyang Fan; Zhongju Zhang,2023,MIS Quarterly,10.25300/misq/2022/17062,True,independent_agreement_include,True,True,fully_objective_direct,objective_improvement_primary,implemented_software_artifact,,文章核心目标是开发DeepVoice系统以提升财务风险预测准确度，其预测目标股票波动率完全来自市场价格，评估指标MSE/R²_oos和期权交易收益均为客观可审计结果；系统被明确实例化为包含数据采集、特征提取、深度学习预测和元学习组件的软件制品，并在6047个真实会议录音和文本上实际运行和评价。因此满足全部条件，应纳入。,0.99,143105
11292,11292_2024_timely-granular-and-actionable-designing-a-social-listening-platform-for-public-health-3-0.md,"Timely, Granular, and Actionable: Designing a Social Listening Platform for Public Health 3.0",Brent Kitchens; Jennifer L. Claggett; Ahmed Abbasi,2024,MIS Quarterly,10.25300/misq/2023/17381,False,independent_agreement_exclude,False,False,human_semantic_judgment,objective_metric_secondary,implemented_software_artifact,SUBJECTIVE_CONSTRUCT | HUMAN_SEMANTIC_JUDGMENT,HealthSense 是明确被实现并运行的社会倾听平台，包含 RAM/CAM/LAM 模块，并在 3700 万 URL 测试床和 PharmCo 现场实验中被实例化，因此满足软件制品门槛。但其核心成功指标是围绕任务相关性、情感极性以及药物安全病例真/假阳性的人工标注/专家共识计算的 recall/precision/F1/AUC；这些标签依赖人的语义理解和专业判断，不属于可脱离人的价值判断而成立的外部事实类别。因此客观构念、确定性测量和核心目标中的“客观改进”门槛均不满足，strict_include=false。,0.95,152292
11474,11474_2022_designing-attentive-information-dashboards.md,Designing Attentive Information Dashboards,Peyman Toreini; Moritz Langner; Alexander Maedche; Stefan Morana; Tobias Vogel,2022,Journal of the Association for Information Systems,10.17705/1jais.00732,False,independent_agreement_exclude,False,False,subjective_or_self_report,objective_improvement_primary,implemented_software_artifact,SUBJECTIVE_CONSTRUCT,文章是充分的 DSR 设计科学项目，具备明确软件制品类别（注意力信息仪表盘/BI 仪表盘系统），具体设计了实时眼动追踪、注意力感知、个性化 VAF 反馈组件，并在实验室中以 Tobii 设备实际实例化运行，且核心目标确实是通过该软件改良提升眼动指标。但关键排除点在指标构念：三个主要成功指标——attentional resource allocation、attention shift rate、attentional resource management——都是从眼动信号推断出的用户内部注意力状态/资源管理能力。这些构念不是可由外部事实核验的操作性事实标签；其定义高度依赖理论假设和研究者判定（如怎样才算'properly distribute attention'、'better allocation'），本质上是人类心理构念。即使测量值来自眼动硬件，满足不了'测量不依赖人的主观感知、评分、偏好或语义判断'。因此 strict_include 为 false。,0.95,136118
11686,11686_2024_creating-proactive-cyber-threat-intelligence-with-hacker-exploit-labels-a-deep-transfer-learning.md,Creating Proactive Cyber Threat Intelligence with Hacker Exploit Labels: A Deep Transfer Learning Approach,Benjamin M. Ampel; Sagar Samtani; Hongyi Zhu; Hsinchun Chen,2024,MIS Quarterly,10.25300/misq/2023/17316,True,independent_agreement_include,True,True,objective_fixed_factual_labels,objective_improvement_primary,implemented_artifact_component,,该文以构建 DTL-EL 自动漏洞标签器为核心，目标是提升在外部事实类别（漏洞攻击类型）上的分类性能；所有主要成功指标均为 accuracy/precision/recall/F1-score，其标签是可操作规则或公开漏洞库/市场既有的攻击类型标签，不依赖主观评价；DTL-EL 被明确设计并实现为一个可运行的深度迁移学习分类组件，并在基准实验、大规模无标签样本应用及 web-based UI 集成中实际实例化和运行；因此满足完全客观指标、核心目标与软件制品三方面条件,0.94,148000
12160,12160_2020_improving-healthcare-access-management-by-predicting-patient-no-show-behaviour.md,Improving healthcare access management by predicting patient no-show behaviour,David Barrera Ferro; Sally Brailsford; Cristián Bravo; Honora Smith,2020,Decision Support Systems,10.1016/j.dss.2020.113398,False,independent_agreement_exclude,False,False,objective_fixed_factual_labels,objective_improvement_primary,algorithm_or_model_only,NO_MATERIAL_ARTIFACT_CHANGE | NO_OPERATIONAL_INSTANTIATION | ALGORITHM_MODEL_ONLY,客观指标 gate 基本通过：文章在真实 show/no-show 事件标签上以 AUROC、coverage/risk 评价预测性能，构念和测量均客观，且提升预测精度是核心目标之一。但软件制品 gate 不通过：文章没有实现或实例化一个可运行的 DSS，实际产物是离线训练的 ML 预测模型和实验代码；作者明确把 web-based tool 留到 pilot 评估后再开发。因此 strict_include=false。,0.9,83592
12356,12356_2020_understanding-security-vulnerability-awareness-firm-incentives-and-ict-development-in-pan-asia.md,"Understanding Security Vulnerability Awareness, Firm Incentives, and ICT Development in Pan-Asia",Yunhui Zhuang; Yunsik Choi; Shu He; Alvin Chung Man Leung; Gene Moo Lee; Andrew Whinston,2020,Journal of Management Information Systems,10.1080/07421222.2020.1790185,True,independent_agreement_include,True,True,fully_objective_direct,objective_improvement_primary,implemented_software_artifact,,该文开发并实际运行了一个完整的信息系统，以每日安全数据源构建企业安全脆弱性指数，并通过邮件和网站向企业披露指数；其最终目标是通过该信息披露干预降低外发垃圾邮件和钓鱼网站托管数量。垃圾邮件量和钓鱼网站托管数量均为可由外部数据源审计的客观事实，不依赖人的主观感知或语义判断；所有核心成功结果均为客观安全指标。系统在随机现场实验中被实例化并运行，且作者明确描述了组件关系（数据采集、映射、指数计算、报告邮件、咨询网站）和运行证据（三批邮件、网站访问、追踪工具）。因此满足全部三个必要条件。,0.95,90308
13152,13152_2021_assessing-the-unacquainted-inferred-reviewer-personality-and-review-helpfulness.md,Assessing the Unacquainted: Inferred Reviewer Personality and Review Helpfulness,Angela Xia Liu; Yilin Li; Sean Xin Xu,2021,MIS Quarterly,10.25300/misq/2021/14375,False,independent_agreement_exclude,False,False,human_semantic_judgment,theory_or_explanation_primary,algorithm_or_model_only,SUBJECTIVE_CONSTRUCT | HUMAN_SEMANTIC_JUDGMENT | ALGORITHM_MODEL_ONLY,本文核心成功指标是“评论帮助性”，该构念本质上是读者对评论有用性的主观判断，依赖人类感知和价值评价，不属于完全客观可测量指标。文章的主要目标是检验人格与帮助性的理论关系并训练离线预测模型，没有将模型作为软件制品设计、构建或实例化运行。因此三个必要条件均不满足。,0.97,153949
13398,13398_2025_automating-in-high-expertise-low-label-environments-evidence-based-medicine-by-expert-augmented.md,"Automating in High-Expertise, Low-Label Environments: Evidence-Based Medicine by Expert-Augmented Few-Shot Learning",Rong Liu; Jingjing Li; Marko Zivkovic; Ahmed Abbasi,2025,MIS Quarterly,10.25300/misq/2024/18573,False,independent_agreement_exclude,False,False,objective_fixed_factual_labels,objective_improvement_primary,algorithm_or_model_only,NO_EXPLICIT_ARTIFACT_CLASS | ALGORITHM_MODEL_ONLY,虽然核心指标（F1、PRC、时间节省）客观且为文章核心目标，但FastSR本质上是一个机器学习模型/算法框架，没有被明确为信息系统、应用程序、检测系统等软件制品；文章没有描述对某个软件组件的实质修改或集成，只是将模型应用于数据集并估算集成工作流的收益，因此不满足软件制品门槛。,0.78,213108
13538,13538_2020_the-crowd-against-the-few-measuring-the-impact-of-expert-recommendations.md,The crowd against the few: Measuring the impact of expert recommendations,Nils Herm-Stapelberg; Franz Rothlauf,2020,Decision Support Systems,10.1016/j.dss.2020.113345,True,independent_agreement_include,True,True,fully_objective_direct,objective_improvement_primary,implemented_software_artifact,,本文以真实推荐系统为软件制品，对现有商业推荐系统进行了实质性修改，即整合专家推荐列表并在首页和视频页混合展示；系统被实际部署到大型视频点播平台并运行了10周，随机对照实验基于点击流日志评估行为结果。核心成功指标全部是可从日志确定性观测的客观行为指标（观看数、推荐点击、访问数、回访率、留存率等），且文章的核心贡献正是证明通过该软件修改能够提高这些客观使用指标。感知满意度尽管被测量，但结果显示无差异，并非核心成功标准。因此，三个必要条件均满足，应纳入。,0.95,71130
13580,13580_2020_geo-semantic-parsing-ai-powered-geoparsing-by-traversing-semantic-knowledge-graphs.md,Geo-semantic-parsing: AI-powered geoparsing by traversing semantic knowledge graphs,Leonardo Nizzoli; Marco Avvenuti; Maurizio Tesconi; Stefano Cresci,2020,Decision Support Systems,10.1016/j.dss.2020.113346,True,independent_agreement_include,True,True,objective_fixed_factual_labels,objective_improvement_primary,implemented_software_artifact,,文章以提升地理解析的精确率、召回率、F1等完全客观指标为核心目标，这些指标基于外部可核验的地理坐标事实，不依赖人类主观判断。同时，作者设计并实际实现了一个可运行的地理语义解析系统（GSP），包含语义标注、知识图谱扩展和回归选择等组件，在真实数据集上进行了实例化和评价。因此满足全部三项必要条件。,0.98,107701
13598,13598_2023_designing-conversational-dashboards-for-effective-use-in-crisis-response.md,Designing Conversational Dashboards for Effective Use in Crisis Response,Marcel Ruoff; Ulrich Gnewuch; Alexander Maedche; Benjamin Scheibehenne,2023,Journal of the Association for Information Systems,10.17705/1jais.00801,True,independent_agreement_include,True,True,fully_objective_direct,objective_improvement_primary,implemented_software_artifact,,本文的核心目标是通过设计、实现并运行一个会话式危机响应仪表板，提升用户的透明交互，最终提高查找信息的效率和有效性。三项核心成功指标均由系统日志、最短路径计算和事实性任务答案客观测量，不依赖用户主观感知或语义质量判断。软件制品类别明确，作者实质设计并实现了自然语言交互、NLP组件和会话式onboarding，并在大规模在线实验和技术性能评估中实际实例化运行。因此满足全部七道门槛。,0.95,126609
13938,13938_2023_nudging-private-ryan-mobile-microgiving-under-economic-incentives-and-audience-effects.md,Nudging Private Ryan: Mobile Microgiving under Economic Incentives and Audience Effects,Dongwon Lee; Anandasivam Gopal; Dokyun Lee; Dongwook Shin,2023,MIS Quarterly,10.25300/misq/2022/16643,False,independent_agreement_exclude,False,False,fully_objective_direct,theory_or_explanation_primary,implemented_software_artifact,THEORY_OR_EXPLANATION_PRIMARY,文章以真实捐赠决策和捐赠金额作为结果变量，指标完全客观且来自应用日志；并实际在移动应用中添加了捐赠功能、推送通知和社交信息流组件进行现场实验，满足软件制品实例化要求。然而，文章的核心贡献是检验行为理论（移动环境下激励类型、受众效应和数字助推对捐赠的影响）并提供分析模型，而非通过设计或改进软件制品来提升这些客观指标。软件修改仅为实验提供环境，属于理论驱动的研究载体，类似被排除的电子处方制度化研究。因此，软件制品虽有明确实现，但客观指标提升不是文章的核心设计目标，不符合资格。,0.95,182676
14346,14346_2021_finding-a-needle-in-the-haystack-recommending-online-communities-on-social-media-platforms-using.md,"Finding a Needle in the Haystack: 
Recommending Online Communities on Social Media Platforms Using Network and Design Science",Srikar Velichety; Sudha Ram,2021,Journal of the Association for Information Systems,10.17705/1jais.00694,False,independent_agreement_exclude,False,False,fully_objective_direct,objective_improvement_primary,algorithm_or_model_only,NO_EXPLICIT_ARTIFACT_CLASS | NO_MATERIAL_ARTIFACT_CHANGE | NO_OPERATIONAL_INSTANTIATION | ALGORITHM_MODEL_ONLY,该文在客观指标和核心目标上通过：以社区订阅推荐准确性为核心，评价指标基于实际订阅事实，完全客观。但在软件制品门槛上失败：全文将“artifact”定义为方法/特征提取过程/模型评分组合，没有明确说明构建了哪一类信息系统、应用、平台组件、插件或可运行数字制品；没有对Twitter平台或其组件进行实质修改；没有在一个实际实现的软件制品中运行该推荐模块并评价系统级结果。文章本质上是在离线数据集上设计特征、训练预测模型并与基线比较，属于算法/模型研究，不符合可纳入的制品实例化要求。,0.92,100053
14428,14428_2020_automated-dynamic-approach-for-detecting-ransomware-using-finite-state-machine.md,Automated dynamic approach for detecting ransomware using finite-state machine,Gowtham Ramesh; Anjali Menen,2020,Decision Support Systems,10.1016/j.dss.2020.113400,True,independent_agreement_include,True,True,objective_fixed_factual_labels,objective_improvement_primary,implemented_software_artifact,,文章提出并实际实现了一个 Windows 勒索软件检测系统，包含文件监控、资源监控、持久性监控、FSM 决策模块与 Minifilter 驱动等明确软件组件；其核心目标是通过该系统设计提升勒索软件检测准确率并降低误报。评价指标 TPR/FNR/FPR/TNR/Accuracy 基于已知勒索软件和合法样本的事实标签，不依赖人的主观感知或语义判断；实验在虚拟机中实际运行系统并报告 99.54% 准确率、0% FPR。因此三个必要条件均满足。,0.98,59145
14444,14444_2024_digital-institutionalization-the-case-of-e-prescribing.md,Digital Institutionalization: The Case of E-Prescribing,Owen Eriksson; Sten-Erik Öhlund,2024,Journal of the Association for Information Systems,10.17705/1jais.00845,False,independent_agreement_exclude,False,False,fully_objective_direct,theory_or_explanation_primary,implemented_artifact_component,OBJECTIVE_METRIC_NOT_CORE | THEORY_OR_EXPLANATION_PRIMARY,本文确实包含完全客观的电子处方错误率/错误数指标，并且新交换合同、XML schema、自动校验服务和反馈机制被实际设计、实现和运行。然而，文章的核心贡献是数字制度化理论、设计原则和制度变革知识，而不是以客观指标提升作为最终核心目标。客观错误率是支持NEF干预有效性的重要证据，但文章整体目标是提出‘数字制度化’的中间范围理论和设计原则；药房调查等主观证据也用于支撑合法性论证。根据校准案例‘Digital Institutionalization: E-Prescribing’的明确排除原则，应判定为不纳入。,0.97,108369
14538,14538_2020_deep-learning-for-detecting-financial-statement-fraud.md,Deep learning for detecting financial statement fraud,Patricia Craja; Alisa Kim; Stefan Lessmann,2020,Decision Support Systems,10.1016/j.dss.2020.113421,False,independent_agreement_exclude,False,False,objective_fixed_factual_labels,objective_improvement_primary,algorithm_or_model_only,NO_EXPLICIT_ARTIFACT_CLASS | ALGORITHM_MODEL_ONLY | NO_OPERATIONAL_INSTANTIATION,该文核心目标是提升金融报表欺诈检测的客观分类性能（AUC、敏感性、F2等），欺诈标签来自SEC AAER监管事实，因此客观指标和核心目标两个条件成立。但制品条件不成立：全文实现和评价的是HAN等欺诈预测模型，虽然使用了“fraud detection system”“decision support system”等措辞，但没有明确说明一个可运行的软件制品类别，也没有描述对具体系统组件的设计改造或实际实例化；red-flag句子标记只是模型输出的解释性示例，而非被实现和运行的决策支持软件。因此按保守标准排除。,0.93,97288
15528,15528_2020_automated-discovery-of-business-process-simulation-models-from-event-logs.md,Automated discovery of business process simulation models from event logs,Manuel Camargo; Marlon Dumas; Oscar González-Rojas,2020,Decision Support Systems,10.1016/j.dss.2020.113284,True,independent_agreement_include,True,True,fully_objective_direct,objective_improvement_primary,implemented_software_artifact,,文章核心目标是提出并实现Simod工具，从事件日志自动发现业务流程仿真模型，并通过超参数优化提高仿真模型与真实日志之间的客观相似度（BPTD/ELS）。该相似度由事件日志中的活动顺序和时间戳确定性计算，不依赖人的主观感知或语义评价，且全部核心成功结果均为客观统计指标。Simod是明确的开源软件工具，在三个事件日志上实际运行并生成/模拟BPS模型，满足软件制品及其实际实例化要求。因此三项必要条件均满足。,0.96,70318
15532,15532_2025_real-time-sales-data-streamer-improvisation-and-sales-performance-evidence-from-live-stream-sell.md,"Real-Time Sales Data, Streamer Improvisation, and Sales Performance: Evidence From Live Stream Selling",Yumei He; Ni Huang; Lingli Wang; Yan Sun,2025,MIS Quarterly,10.25300/misq/2025/18627,False,adjudicated_exclude,True,False,fully_objective_direct,objective_improvement_primary,platform_only_context,NO_MATERIAL_ARTIFACT_CHANGE | PLATFORM_IMPLEMENTED_ARTIFACT_NOT_AUTHORED,文章的核心结果指标是预售产品销售量，来自平台交易日志，完全客观且为核心目标，满足前两项资格条件。但软件制品资格不满足：全文证据显示主播端实时销售数据仪表盘由合作平台开发并实施，作者只分析随机现场实验数据、评估该平台功能扩展的效果，未提供作者本人设计、构建或实质修改该软件制品或组件的证据。按证据不足即排除的原则，最终裁定不纳入。,0.8,135204
15740,15740_2020_is-optimal-recommendation-the-best-a-laboratory-investigation-under-the-newsvendor-problem.md,Is optimal recommendation the best? A laboratory investigation under the newsvendor problem,Xiaojing Feng; Jia Gao,2020,Decision Support Systems,10.1016/j.dss.2020.113251,True,independent_agreement_include,True,True,fully_objective_direct,objective_improvement_primary,implemented_artifact_component,,文章以新闻供应商问题中的 DSS 为软件制品，核心目标是检验并改善决策者订单决策：减少 Pull-to-Center 偏差、提高实际利润、降低偏差不对称性。这些指标均由订单量、理论最优解、需求实现和利润公式确定，完全客观且不依赖人的主观评价。文章在 z-Tree 实验中实际实现了最优、保守和激进三类推荐/反馈模块，被试真实与其交互并产生行为数据；激进 DSS 被验证可消除高利润条件下的 PtC 偏差。因此三个必要条件均满足。,0.93,94326
16100,16100_2020_a-data-analytics-framework-for-smart-asthma-management-based-on-remote-health-information-system.md,A Data Analytics Framework for Smart Asthma Management Based on Remote Health Information Systems with Bluetooth-Enabled Personal Inhalers,Junbo Son; Patricia Flatley Brennan; Shiyu Zhou,2020,MIS Quarterly,10.25300/misq/2020/15092,False,independent_agreement_exclude,False,False,objective_fixed_factual_labels,objective_improvement_primary,algorithm_or_model_only,ALGORITHM_MODEL_ONLY | NO_OPERATIONAL_INSTANTIATION,文章以开发数据驱动方法检测哮喘患者异常吸入器使用为目标，核心评估指标AUC、误报率、漏报率和报警时间均基于明确操作规则和客观时间戳，属于客观指标，且核心目标是提升该检测性能。然而，全文实际交付的是统计模型/分析框架（GLMM-GQP）及其R代码实现，并在历史数据集上离线模拟评估；SAM系统仅作为数据来源，未对平台进行实质修改，也没有将检测算法作为软件组件实际实例化运行。作者自己明确指出该模型“可以转化为工作IT制品”但尚未实现。因此不满足软件制品实例化要求，严格排除。,0.93,87553
16424,16424_2024_knowledge-aware-learning-framework-based-on-schema-theory-to-complement-large-learning-models.md,Knowledge-Aware Learning Framework Based on Schema Theory to Complement Large Learning Models,Long Xia; Wenqi Shen; Weiguo Fan; G. Alan Wang,2024,Journal of Management Information Systems,10.1080/07421222.2024.2340827,False,independent_agreement_exclude,False,False,fully_objective_direct,objective_improvement_primary,algorithm_or_model_only,NO_EXPLICIT_ARTIFACT_CLASS | ALGORITHM_MODEL_ONLY,文章的核心目标和评价指标都是完全客观的：以 F1、训练时间、参数数量等衡量学习有效性与效率，且这些是文章的主要贡献。然而在软件制品门槛上证据不足：作者提出并实现的是一个知识感知学习框架/模型，由 ConceptNet 知识库、上下文知识图谱、bi-LSTM 和 GCN 组成，它本质上是在数据集上离线训练和评估的深度学习模型，并未被明确实例化为信息系统、应用程序、平台、工具或插件等可运行软件制品，也没有嵌入到一个更大的软件系统中作为核心组件。因此，根据算法/模型边界规则，应排除。,0.82,120540
16562,16562_2021_filaments-of-crime-informing-policing-via-thresholded-ridge-estimation.md,Filaments of crime: Informing policing via thresholded ridge estimation,Ben Moews; Jaime R. Argueta; Antonia Gieschen,2021,Decision Support Systems,10.1016/j.dss.2021.113518,True,independent_agreement_include,True,True,fully_objective_direct,objective_improvement_primary,implemented_software_artifact,,文章以提升犯罪事件覆盖率这一完全客观指标为核心目标，该指标通过计算真实犯罪地理坐标与算法生成脊线间的距离来确定，不依赖主观判断。作者设计并实际实现了DREDGE软件工具，扩展了SCMS算法，并在真实芝加哥犯罪数据上运行和评价了其覆盖率性能，因此满足所有纳入条件。,0.98,64802
16575,16575_2022_ordinor-a-framework-for-discovering-evaluating-and-analyzing-organizational-models-using-event-l.md,"OrdinoR: A framework for discovering, evaluating, and analyzing organizational models using event logs",Jing Yang; Chun Ouyang; Wil M.P. van der Aalst; Arthur H.M. ter Hofstede; Yang Yu,2022,Decision Support Systems,10.1016/j.dss.2022.113771,False,adjudicated_exclude,False,True,fully_objective_direct,objective_metric_secondary,implemented_software_artifact,OBJECTIVE_METRIC_NOT_CORE,文章提出的 fitness、precision 和 F1 均为完全客观、确定性计算的一致性指标，且作者实际实现了 OrgMiner 原型并运行了真实日志实验，满足客观指标和软件制品两项条件。然而，论文的核心目标是提出一个组织模型挖掘框架和一致性检查方法（RQ1-RQ3 均围绕框架/方法），客观指标主要作为评估和比较发现方法的手段，而非通过设计与修改软件制品来提升某个最终客观结果指标。因此不满足“客观指标提升是文章核心目标”的必要条件，予以排除。,0.75,174347
16770,16770_2022_fraudulent-review-detection-model-focusing-on-emotional-expressions-and-explicit-aspects-investi.md,Fraudulent review detection model focusing on emotional expressions and explicit aspects: investigating the potential of feature engineering,Ajay Kumar; Ram D. Gopal; Ravi Shankar; Kim Hua Tan,2022,Decision Support Systems,10.1016/j.dss.2021.113728,False,independent_agreement_exclude,False,False,objective_fixed_factual_labels,objective_improvement_primary,algorithm_or_model_only,NO_EXPLICIT_ARTIFACT_CLASS | NO_MATERIAL_ARTIFACT_CHANGE | NO_OPERATIONAL_INSTANTIATION | ALGORITHM_MODEL_ONLY,该文章的核心目标和评价指标是客观的：欺诈评论检测属于外部事实标签上的分类性能（Precision、Recall、F1、AUC），且没有主观结果作为共同主结果。然而，文章只开发和离线评估了特征工程方法、M-SMOTE算法以及标准机器学习分类器，没有明确构建、修改或实例化任何可运行的软件制品（如检测系统、平台工具或组件）。文中提到的“tool”仅为未来应用建议，没有实际实现证据。因此软件制品相关三个门槛不满足，严格纳入不通过。,0.97,86976
19638,19638_2021_classifying-the-ideational-impact-of-information-systems-review-articles-a-content-enriched-deep.md,Classifying the ideational impact of Information Systems review articles: A content-enriched deep learning approach,Julian Prester; Gerit Wagner; Guido Schryen; Nik Rushdi Hassan,2021,Decision Support Systems,10.1016/j.dss.2020.113432,False,independent_agreement_exclude,False,False,human_semantic_judgment,objective_metric_secondary,algorithm_or_model_only,SUBJECTIVE_CONSTRUCT | HUMAN_SEMANTIC_JUDGMENT | ALGORITHM_MODEL_ONLY,核心目标指标“理念影响分类”的标签由人工对学术文本的语义解释和判断产生，无法脱离人的主观感知而独立成立；虽然模型性能（Precision/Recall/F1）计算客观，但针对的是主观构念的固定标签，属于人类语义判断产物。文章核心贡献是开发并评估一个深度学习方法Deep-CENIC，而不是通过设计/修改某个实例化的软件制品来提升一个客观可测量的结果。Deep-CENIC仅作为模型在数据集上训练和运行，未作为实际软件制品或系统组件被实例化部署。因此不满足三个必要条件。,0.97,78612
19642,19642_2021_peak-cubes-in-service-operations-bringing-multidimensionality-into-decision-support-systems.md,Peak cubes in service operations: Bringing multidimensionality into decision support systems,Arash Barfar; Balaji Padmanabhan; Alan Hevner,2021,Decision Support Systems,10.1016/j.dss.2020.113442,False,independent_agreement_exclude,False,False,objective_fixed_factual_labels,objective_improvement_primary,algorithm_or_model_only,NO_EXPLICIT_ARTIFACT_CLASS | NO_MATERIAL_ARTIFACT_CHANGE | NO_OPERATIONAL_INSTANTIATION | ALGORITHM_MODEL_ONLY,文章的核心目标是提出peak cube方法并证明其改进流失预测性能（AUROC），这一目标客观且通过模拟数据实现，满足指标客观性和核心目标提升的要求。然而，文章没有设计、构建或实质修改任何软件制品：它只提出了PeakCube算法、特征工程和预测模型，并在模拟数据上离线训练与评估，没有将模型作为组件集成到实际运行的软件系统中，也没有部署或实例化任何DSS、工具或界面。因此制品三个门槛均不满足，属于仅算法/模型的研究，应排除。,0.92,103990
19644,19644_2021_providing-more-regular-road-signs-infrastructure-updates-for-connected-driving-a-crowdsourced-ap.md,Providing more regular road signs infrastructure updates for connected driving: A crowdsourced approach with clustering and confidence level,Dieudonné Tchuente; Dominik Senninger; Holger Pietsch; Danilo Gasdzik,2021,Decision Support Systems,10.1016/j.dss.2020.113443,True,adjudicated_include,False,True,objective_fixed_factual_labels,objective_improvement_primary,implemented_artifact_component,,文章以道路标志是否存在及其物理位置这类外部可核验事实为评价对象，用精确率、召回率、真阳性率/假阴性率/假阳性率等客观指标证明众包路标合并方法的效果；提升这些指标正是文章的核心贡献与目标，不依赖人类主观感知或语义评分。软件制品方面，作者明确构建了一个基于AWS、Hadoop和Spark的云处理平台，并实际运行了其中的路标合并与置信度计算组件，在真实车辆采集数据和实地真值上产生实验结果。虽然实验为proof-of-concept且实验2是模拟融合，但核心合并组件已经实例化并运行，满足软件制品组件门槛。因此应纳入。,0.93,85321
19686,19686_2021_a-cross-domain-recommender-system-through-information-transfer-for-medical-diagnosis.md,A cross-domain recommender system through information transfer for medical diagnosis,Wenjun Chang; Qian Zhang; Chao Fu; Weiyong Liu; Guangquan Zhang; Jie Lu,2021,Decision Support Systems,10.1016/j.dss.2020.113489,False,independent_agreement_exclude,False,False,objective_fixed_factual_labels,objective_improvement_primary,algorithm_or_model_only,ALGORITHM_MODEL_ONLY | NO_OPERATIONAL_INSTANTIATION,文章以客观预测准确率为核心目标，且该准确率基于医学诊断风险类别这一既定事实标签，因此指标与核心目标门槛可通过；但ITMD本质上是一个跨域推荐算法/方法，文中只给出算法步骤和离线数据实验，没有明确展示或运行一个可操作、被实例化的软件制品（如推荐系统平台、用户界面、部署模块等）。作者自称“recommender system”不能替代制品证据。因此不满足软件制品三要件，不能纳入。,0.85,118951
19688,19688_2021_a-strategic-decision-making-architecture-toward-hybrid-teams-for-dynamic-competitive-problems.md,A strategic decision-making architecture toward hybrid teams for dynamic competitive problems,Alparslan Emrah Bayrak; Christopher McComb; Jonathan Cagan; Kenneth Kotovsky,2021,Decision Support Systems,10.1016/j.dss.2020.113490,False,independent_agreement_exclude,False,False,objective_fixed_factual_labels,objective_improvement_primary,algorithm_or_model_only,ALGORITHM_MODEL_ONLY | NO_OPERATIONAL_INSTANTIATION,虽然文章以客观的奖励函数（基于对局胜负）作为核心成功指标，且提升决策质量是核心目标，满足客观指标和核心目标两个必要条件；但文章并未构建或实际实例化一个可运行的软件制品或组件。所有实现均为离线训练的 LSTM 模型、模型预测控制求解和任务分区算法，在历史数据集上运行，未形成可供用户使用的决策支持软件或对现有软件平台（Starcraft II）进行实质修改。实时人机协作系统被明确留作未来工作，因此只属于算法/模型验证，不符合软件制品门槛，故排除。,0.95,79828
19700,19700_2021_analytics-with-digital-twinning-a-decision-support-system-for-maintaining-a-resilient-port.md,Analytics with digital-twinning: A decision support system for maintaining a resilient port,Chenhao Zhou; Jie Xu; Elise Miller-Hooks; Weiwen Zhou; Chun-Hung Chen; Loo Hay Lee; Ek Peng Chew; Haobin Li,2021,Decision Support Systems,10.1016/j.dss.2021.113496,True,independent_agreement_include,True,True,fully_objective_direct,objective_improvement_primary,implemented_software_artifact,,核心指标为BoA率（靠泊及时率）和基于BoA的韧性比值，均来自仿真事件统计，完全客观；DSS的实际运行证明其能显著提升BoA率，且这一提升是论文的核心贡献；软件制品类别明确（决策支持系统），数字孪生和OCBA作为其组件被实际开发、运行并评估，因此满足全部三个必要条件。,0.99,78867
19748,19748_2021_applied-machine-learning-for-a-zero-defect-tolerance-system-in-the-automated-assembly-of-pharmac.md,Applied machine learning for a zero defect tolerance system in the automated assembly of pharmaceutical devices,Sebastian Dengler; Said Lahriri; Emanuel Trunzer; Birgit Vogel-Heuser,2021,Decision Support Systems,10.1016/j.dss.2021.113540,True,independent_agreement_include,True,True,objective_fixed_factual_labels,objective_improvement_primary,implemented_software_artifact,,文章的最终目标是通过设计、实现和运行一个基于 ML 的质量控制系统，在真实制药装配线上同时实现零假阴性并限制假阳性率，同时满足实时延迟要求。核心结果指标 FNR、FPR 和执行时间都是完全客观的可测量指标，缺陷类别来自物理装配失败模式，不依赖人的主观判断。软件制品类别明确：这是一个用 Python 实现的 QC/DSS 软件原型，包含异常检测、集成分类器和投票机制，且源代码发布、在两个真实工业用例上实例化并运行。因此严格纳入。,0.97,55665
19756,19756_2021_a-novel-decision-support-system-for-optimizing-aircraft-maintenance-check-schedule-and-task-allo.md,A novel decision support system for optimizing aircraft maintenance check schedule and task allocation,Qichen Deng; Bruno F. Santos; Wim J.C. Verhagen,2021,Decision Support Systems,10.1016/j.dss.2021.113545,True,independent_agreement_include,True,True,fully_objective_direct,objective_improvement_primary,implemented_software_artifact,,本文的核心贡献是实际设计、实现并运行一个飞机维护计划决策支持系统（DSS），通过集成排程、任务分配和班次规划来优化飞机利用率、减少维护检查次数、降低维护成本并缩短规划时间。所有核心成功指标均为可从排程、任务分配和费用参数直接计算的客观值，不存在依赖主观感知或语义判断的核心结果；同时，DSS作为软件制品类别明确，作者实质性设计了其优化模型和GUI组件，并在真实航空公司数据上实例化运行。因此七个门槛均满足，严格纳入。,0.98,85486
19762,19762_2021_simpler-is-better-lifting-interpretability-performance-trade-off-via-automated-feature-engineeri.md,Simpler is better: Lifting interpretability-performance trade-off via automated feature engineering,Alicja Gosiewska; Anna Kozak; Przemysław Biecek,2021,Decision Support Systems,10.1016/j.dss.2021.113556,False,independent_agreement_exclude,False,False,fully_objective_direct,objective_improvement_primary,algorithm_or_model_only,NO_EXPLICIT_ARTIFACT_CLASS | NO_MATERIAL_ARTIFACT_CHANGE | NO_OPERATIONAL_INSTANTIATION | ALGORITHM_MODEL_ONLY,指标方面：文章以 AUC 为主要评价，客观且核心；核心目标方面：目标是提升简单可解释模型的预测性能，属于算法/方法层面的客观目标提升；软件制品方面：文章提出的是 SAFE ML 特征工程框架和 SAFE 方法，虽有 R/Python 库和实验代码，但没有明确的 DSS/应用/平台/软件工具类别，没有对其组件进行实质设计或修改，也没有作为系统组件在真实或模拟运行环境中实例化；因此不满足软件制品三个门槛。,0.92,70838
19766,19766_2021_a-new-approximate-belief-rule-base-expert-system-for-complex-system-modelling.md,A new approximate belief rule base expert system for complex system modelling,You Cao; Zhi Jie Zhou; Chang Hua Hu; Shuai Wen Tang; Jie Wang,2021,Decision Support Systems,10.1016/j.dss.2021.113558,False,independent_agreement_exclude,False,False,fully_objective_direct,objective_metric_secondary,algorithm_or_model_only,OBJECTIVE_METRIC_NOT_CORE | NO_EXPLICIT_ARTIFACT_CLASS | NO_MATERIAL_ARTIFACT_CHANGE | NO_OPERATIONAL_INSTANTIATION | ALGORITHM_MODEL_ONLY,文章提出的ABRB本质上是一种预测/建模方法，在公开数据集上离线训练和比较，没有明确软件制品类别、组件改造或实际实例化运行；虽然MSE指标完全客观，但核心贡献是模型设计与理论证明，MSE仅为验证指标而非最终核心目标，因此不满足IS文献纳入条件。,0.95,84473
19788,19788_2021_a-dynamic-simulation-approach-to-support-the-evaluation-of-cyber-risks-and-security-investments.md,A dynamic simulation approach to support the evaluation of cyber risks and security investments in SMEs,Stefano Armenia; Marco Angelini; Fabio Nonino; Giulia Palombi; Mario Francesco Schlitzer,2021,Decision Support Systems,10.1016/j.dss.2021.113580,False,adjudicated_exclude,False,True,subjective_construct_with_fixed_labels,theory_or_explanation_primary,algorithm_or_model_only,SUBJECTIVE_CONSTRUCT | OBJECTIVE_METRIC_NOT_CORE | SIMULATION_ONLY | ALGORITHM_MODEL_ONLY | NO_OPERATIONAL_INSTANTIATION | NO_EXPLICIT_ARTIFACT_CLASS,逐项核验全文后，本文不满足纳入标准。(1) 指标客观性：文章核心输出是系统动力学仿真模型 SMECRA 对虚构企业 Alpha/Beta 的模拟结果（损失百分比、总成本、防御能力等）。这些数字是模型内部方程在用户自评初始状态和假设威胁环境下的仿真输出，不是对外部可核验事实的客观测量。初始状态来自 Snapshot Survey 中企业对自身网络安全措施的自评回答，虽然问题多为事实性选项，但构念是‘企业网络安全姿态’，依赖管理者自报和作者对答案到模型参数的映射，不满足独立于人类主观感知的客观构念要求。(2) 核心目标：摘要、引言和结论均将贡献定位为‘提出一种系统动力学方法论和工具’，用于支持投资决策、评估风险动态、提高网络安全意识，并通过案例展示不同策略影响；核心是方法论说明和仿真演示，不是通过构建并运行软件制品来提升某个客观结果指标。仿真中展示的‘成本降低’是模型行为演示，不是对真实制品成功性的客观评价。(3) 软件制品：文中明确提到‘The SMECRA system dynamics simulation model has been developed using Powersim® software’，但这是一个仿真模型/方法，不是被实际实例化并运行的软件制品；没有界面、部署、真实用户使用或实际系统运行证据；Alpha 和 Beta 是作者构造的参数化案例。综上，三项门禁均未通过，应排除。,0.94,83039
19796,19796_2021_a-prescriptive-analytics-framework-for-efficient-e-commerce-order-delivery.md,A prescriptive analytics framework for efficient E-commerce order delivery,Shanthan Kandula; Srikumar Krishnamoorthy; Debjit Roy,2021,Decision Support Systems,10.1016/j.dss.2021.113584,True,adjudicated_include,True,False,fully_objective_direct,objective_improvement_primary,implemented_software_artifact,,本文核心目标是提出并验证一个两阶段预测-规定性分析决策支持框架，以提高配送成功率并降低配送成本。核心评价指标为配送总成本（INR）、配送尝试次数、车辆数、行驶距离，以及基于真实配送记录成功/失败事实标签的分类性能（AUC、G-mean、F1等），均完全客观，不依赖人类主观感知或语义判断。作者不仅训练了XGBoost等预测模型，还设计并实现了订单成功画像生成、时间窗推断和带时间窗车辆路径调度（Algorithm 1 + 2-opt*）等组件，并在真实电商配送中心数据集上实例化运行完整框架，通过100次仿真与基线策略对比，报告成本节省7.2%与10.2%。决策支持框架作为已实现并运行的软件制品门槛得到满足。因此应纳入。,0.92,83317
19808,19808_2021_bayesian-stackelberg-games-for-cyber-security-decision-support.md,Bayesian Stackelberg games for cyber-security decision support,Yunxiao Zhang; Pasquale Malacaria,2021,Decision Support Systems,10.1016/j.dss.2021.113599,False,adjudicated_exclude,False,True,fully_objective_direct,objective_improvement_primary,algorithm_or_model_only,ALGORITHM_MODEL_ONLY | NO_OPERATIONAL_INSTANTIATION,客观指标和核心目标两项门槛均通过：求解时间与期望安全风险是确定可观测的计算指标，且提升这些指标是文章核心目标。但软件制品门槛未通过：论文虽自称构建决策支持系统，实际主要贡献是贝叶斯 Stackelberg 博弈的新求解算法；Python+MOSEK 代码仅用于在合成完整攻击图和校园网案例中运行优化实验，属于算法实验脚本而非可运行的软件制品或明确制品组件；HMM 学习/推理模块仅引用已有工作，未实现或集成。按‘证据不足即排除’的保守口径，判定排除。,0.78,77735
19811,19811_2021_s2san-a-sentence-to-sentence-attention-network-for-sentiment-analysis-of-online-reviews.md,S2SAN: A sentence-to-sentence attention network for sentiment analysis of online reviews,Ping Wang; Jiangnan Li; Jingrui Hou,2021,Decision Support Systems,10.1016/j.dss.2021.113603,False,independent_agreement_exclude,False,False,subjective_construct_with_fixed_labels,objective_metric_secondary,algorithm_or_model_only,SUBJECTIVE_CONSTRUCT | HUMAN_SEMANTIC_JUDGMENT | ALGORITHM_MODEL_ONLY | NO_OPERATIONAL_INSTANTIATION,文章核心目标是提高情感分类准确率，情感极性标签依赖于人工语义判断，属于主观构念，即使计算 accuracy 也不改变目标的不客观性。训练时间虽是客观指标，但只是次要结果。此外，作者实现并评估的是一个深度情感分类模型，而不是被实例化为软件系统或其组件的制品；没有作为系统功能模块的部署或集成证据。因此不满足三项必要条件。,0.95,75923
19850,19850_2021_decisions-for-information-or-information-for-decisions-optimizing-information-gathering-in-decis.md,Decisions for information or information for decisions? Optimizing information gathering in decision-intensive processes,S. Voorberg; R. Eshuis; W. van Jaarsveld; G.J. van Houtum,2021,Decision Support Systems,10.1016/j.dss.2021.113632,False,adjudicated_exclude,True,False,mixed_objective_subjective,objective_metric_secondary,algorithm_or_model_only,SUBJECTIVE_CONSTRUCT | OBJECTIVE_METRIC_NOT_CORE | NO_EXPLICIT_ARTIFACT_CLASS | NO_OPERATIONAL_INSTANTIATION | ALGORITHM_MODEL_ONLY,文章提出一种基于MDP优化DIP信息收集的决策支持方法，并以期望利润作为主要评价指标。然而，该期望利润并非来自外部可核验的实际业务结果，而是由作者、领域专家共同定义的模型参数和概率分布计算得出，属于模型内的预期值，不是完全客观可测量的结果指标；核心贡献是‘方法/approach’而非通过实际运行软件制品来提升客观指标。制品方面，虽有Python求解算法和推荐器demo链接，但全文明确将其定位为概念验证，没有提供系统实现细节、运行日志或真实用户测试，不足以证明作者设计、构建并实际实例化运行了软件制品。因此不满足三项必要条件，应排除。,0.78,84277
19902,19902_2022_maximizing-student-opportunities-for-in-person-classes-under-pandemic-capacity-reductions.md,Maximizing student opportunities for in-person classes under pandemic capacity reductions,Carlos Cardonha; David Bergman; Robert Day,2022,Decision Support Systems,10.1016/j.dss.2021.113697,True,independent_agreement_include,True,True,fully_objective_direct,objective_improvement_primary,implemented_software_artifact,,文章以最大化获得面对面授课机会的学生座位数为核心目标，该指标由注册人数、教室容量和教学模态分配直接确定，完全客观可审计。研究明确描述了所构建并实际运行/部署的课程排课决策支持系统，包括优化模型、数据流水线和交互式仪表盘，并在真实UConn六个校区实例上评价了其覆盖班级和座位数的提升效果。所有核心成功结果均为客观计数，没有将主观感知或语义判断作为成功标准。,0.97,80587
19916,19916_2022_an-interactive-decision-support-system-for-real-time-ambulance-relocation-with-priority-guidelin.md,An interactive decision support system for real-time ambulance relocation with priority guidelines,Mahdi Hajiali; Ebrahim Teimoury; Meysam Rabiee; Dursun Delen,2022,Decision Support Systems,10.1016/j.dss.2021.113712,True,independent_agreement_include,True,True,fully_objective_direct,objective_improvement_primary,implemented_software_artifact,,文章核心目标是构建并评价一个交互式救护车重定位DSS，明确以最大化需求覆盖、最小化响应时间/行驶时间、降低总工作时间为目标；这些指标均由事件日志、时间戳和系统状态客观计算，不依赖人的主观感知或语义判断。系统不是仅停留在算法或概念层面，而是实际实现了模型、数据库、GUI和风险评估模块，并基于真实数据模拟运行一周，比较了DSS政策与静态政策的客观运营绩效。因此满足全部七项门槛。,0.95,81956
19928,19928_2022_a-deep-recurrent-neural-network-approach-to-learn-sequence-similarities-for-user-identification.md,A deep recurrent neural network approach to learn sequence similarities for user-identification,Stefan Vamosi; Thomas Reutterer; Michael Platzer,2022,Decision Support Systems,10.1016/j.dss.2021.113718,False,independent_agreement_exclude,False,False,objective_fixed_factual_labels,objective_improvement_primary,algorithm_or_model_only,NO_EXPLICIT_ARTIFACT_CLASS | NO_MATERIAL_ARTIFACT_CHANGE | NO_OPERATIONAL_INSTANTIATION | ALGORITHM_MODEL_ONLY,文章提出并实现了一个基于 LSTM 和 triplet loss 的序列相似性模型（TL-RNN），并在用户再识别任务上以准确率、ARI、精确率/召回率等客观指标验证其性能。这些指标的核心构念基于外部可核验的用户身份标签，且测量不依赖人的主观判断；同时，提升这些客观指标确实是文章的核心目标。然而，整篇文章描述和评价的是一个机器学习模型/算法，虽然有开源参考实现并进行了训练和推理，但并未明确构建或实质修改任何软件制品（如用户识别系统、决策支持工具、应用程序或交互界面）。模型仅作为算法在离线数据集上运行，没有作为特定软件制品内的组件被实例化，因此不满足“软件制品”这一必要条件。综上，该文章应被排除。,0.97,69597
19948,19948_2022_combining-review-based-collaborative-filtering-and-matrix-factorization-a-solution-to-rating-s-s.md,Combining review-based collaborative filtering and matrix factorization: A solution to rating's sparsity problem,Rui Duan; Cuiqing Jiang; Hemant K. Jain,2022,Decision Support Systems,10.1016/j.dss.2022.113748,False,independent_agreement_exclude,False,False,fully_objective_direct,objective_improvement_primary,algorithm_or_model_only,NO_EXPLICIT_ARTIFACT_CLASS | NO_MATERIAL_ARTIFACT_CHANGE | NO_OPERATIONAL_INSTANTIATION | ALGORITHM_MODEL_ONLY,文章核心目标是提升推荐准确率，评价指标 MAE、precision、recall、F1 均为完全客观的可计算指标，核心目标也确实是改进客观推荐精度。因此指标和核心目标两个门槛通过。但在软件制品门槛上，文章所提出和评价的是名为 Review-Based Matrix Factorization（RMF）的推荐算法/方法，而不是一个被明确类别化的可运行软件制品（如推荐系统、平台、应用程序、插件等）。全文没有描述任何具体的软件系统、界面、工作流、系统组件或制品被设计和构建；算法通过离线实验在数据集上运行并比较，属于典型的 algorithm_or_model_only，未达到已实现软件制品或已实例化制品组件的要求。因此严格纳入失败。,0.95,96137
19964,19964_2022_explainability-and-fairness-of-regtech-for-regulatory-enforcement-automated-monitoring-of-consum.md,Explainability and fairness of RegTech for regulatory enforcement: Automated monitoring of consumer complaints,Michael Siering,2022,Decision Support Systems,10.1016/j.dss.2022.113782,False,independent_agreement_exclude,False,False,objective_fixed_factual_labels,objective_improvement_primary,algorithm_or_model_only,NO_EXPLICIT_ARTIFACT_CLASS | NO_MATERIAL_ARTIFACT_CHANGE | NO_OPERATIONAL_INSTANTIATION | ALGORITHM_MODEL_ONLY,文章以‘预测消费者投诉是否导致货币补偿’这一事实标签上的分类性能为核心，指标构念客观、测量确定，且分类性能是明确设计需求和主要评价对象，因此指标与核心目标方面可满足；但全文只提出了设计原则和分类器配置，并没有构建、实现或运行一个信息系统、平台、工具等可运行软件制品，也没有在现有软件组件上进行实质修改，因此不满足软件制品门槛。根据严格逻辑，strict_include=false。,0.93,81901
20011,20011_2023_catchm-a-novel-network-based-credit-card-fraud-detection-method-using-node-representation-learni.md,CATCHM: A novel network-based credit card fraud detection method using node representation learning,Rafaël Van Belle; Bart Baesens; Jochen De Weerdt,2023,Decision Support Systems,10.1016/j.dss.2022.113866,False,independent_agreement_exclude,False,False,objective_fixed_factual_labels,objective_improvement_primary,algorithm_or_model_only,ALGORITHM_MODEL_ONLY | NO_EXPLICIT_ARTIFACT_CLASS | NO_MATERIAL_ARTIFACT_CHANGE,该文的客观指标（AUCPR、F1、TP@300、处理时间）均为客观且是核心贡献，欺诈标签也属于可外部核验的事实类别；但CATCHM被全文明确定位为fraud detection algorithm/method，而非具体软件制品。文中没有定义或实例化一个信息系统、应用、平台、检测系统或软件工具，也没有将算法作为某软件制品的核心组件在运行环境中部署，实验只是对算法模型在数据集上的离线运行。因此不满足软件制品三个证据要求，strict_include=false。,0.8,73023
20016,20016_2023_assuring-quality-and-waiting-time-in-real-time-spatial-crowdsourcing.md,Assuring quality and waiting time in real-time spatial crowdsourcing,Zhibin Wu; Lijie Peng; Chuankai Xiang,2023,Decision Support Systems,10.1016/j.dss.2022.113869,False,independent_agreement_exclude,False,False,fully_objective_direct,objective_improvement_primary,algorithm_or_model_only,ALGORITHM_MODEL_ONLY | NO_EXPLICIT_ARTIFACT_CLASS | NO_OPERATIONAL_INSTANTIATION,文章提出的核心目标是客观的——最小化等待时间、最大化工人声誉（作为结果质量代理），并且这些指标均是可计算、可核验的客观量。然而，文章没有构建或实例化任何具体的软件制品：TP-TASC只是一个包含LightGBM预测模型和启发式任务分配算法的框架，通过模拟实验验证，而不是实际运行于众包平台的系统、工具或组件。虽然作者讨论未来可构建DSS，但未提供实际制品或组件运行证据。因此不满足软件制品条件，应排除。,0.97,66408
20024,20024_2023_a-deep-learning-approach-for-detecting-fake-reviewers-exploiting-reviewing-behavior-and-textual.md,A deep learning approach for detecting fake reviewers: Exploiting reviewing behavior and textual information,Dong Zhang; Wenwen Li; Baozhuang Niu; Chong Wu,2023,Decision Support Systems,10.1016/j.dss.2022.113911,False,independent_agreement_exclude,False,False,objective_fixed_factual_labels,objective_improvement_primary,algorithm_or_model_only,ALGORITHM_MODEL_ONLY | NO_EXPLICIT_ARTIFACT_CLASS | NO_MATERIAL_ARTIFACT_CHANGE,文章核心目标确实是通过深度学习模型提升假评论者检测的客观分类性能，指标为 accuracy/F1/AUC，标签来自 Yelp 数据集既定事实类别，因此指标构念和测量均客观。但全文所提出的‘framework’本质是神经网络模型/算法：行为敏感特征提取器、上下文感知注意力机制和分类层均属于模型架构，没有明确软件制品类别（如信息系统、检测平台、工具或插件），也没有对现有系统或平台组件进行实质修改或部署。实验仅在离线数据集上训练和评估模型，因此属于算法/模型层面的研究，不满足软件制品门槛。,0.92,73081
20039,20039_2024_measuring-service-quality-based-on-customer-emotion-an-explainable-ai-approach.md,Measuring service quality based on customer emotion: An explainable AI approach,Yiting Guo; Yilin Li; De Liu; Sean Xin Xu,2024,Decision Support Systems,10.1016/j.dss.2023.114051,False,independent_agreement_exclude,False,False,subjective_construct_with_fixed_labels,objective_metric_secondary,implemented_software_artifact,SUBJECTIVE_CONSTRUCT | HUMAN_SEMANTIC_JUDGMENT,文章确实设计、实现并运行了自动语音情绪识别和服务质量预测的IT artifact，并以预测性能作为核心评价；但其目标构念“服务质量”的真值来自客户售后调查评分（SERVQUAL），本质是客户对服务的主观感知评价，并非可由外部事实核验的客观指标。推荐意向同样来自客户自我报告。因此即使指标计算和系统实例化明确，仍因目标构念主观而排除。,0.99,80929
20052,20052_2024_a-hybrid-decision-support-system-for-adaptive-trading-strategies-combining-a-rule-based-expert-s.md,A hybrid decision support system for adaptive trading strategies: Combining a rule-based expert system with a deep reinforcement learning strategy,Yuhee Kwon; Zoonky Lee,2024,Decision Support Systems,10.1016/j.dss.2023.114100,True,independent_agreement_include,True,True,fully_objective_direct,objective_improvement_primary,implemented_artifact_component,,文章核心目标是构建一个可运行的混合交易决策支持系统，通过将 RB 决策结果和投资者资产状态加入 RL 状态空间并利用 action probability 调整交易量，提升以累计收益率、夏普比率、最大回撤等完全客观财务指标衡量的交易绩效。实验在 TensorFlow/Keras 中实现并实际进行指数基金模拟交易，具有明确的软件制品组件关系与运行证据，因此满足纳入条件。,0.97,93407
20225,20225_2022_data-analytics-for-the-sustainable-use-of-resources-in-hospitals-predicting-the-length-of-stay-f.md,Data analytics for the sustainable use of resources in hospitals: Predicting the length of stay for patients with chronic diseases,Hamed M. Zolbanin; Behrooz Davazdahemami; Dursun Delen; Amir Hassan Zadeh,2022,Information & Management,10.1016/j.im.2020.103282,False,independent_agreement_exclude,False,False,fully_objective_direct,objective_improvement_primary,algorithm_or_model_only,ALGORITHM_MODEL_ONLY | NO_EXPLICIT_ARTIFACT_CLASS | NO_MATERIAL_ARTIFACT_CHANGE | NO_OPERATIONAL_INSTANTIATION,客观指标（住院天数及其预测误差）合格，且提升预测准确性是文章核心目标。但满足软件制品门槛的证据不足：文章构建和运行的是深度MLP预测模型及数据处理流程，而不是一个被明确设计、实质修改并实例化运行的信息系统或软件制品组件。‘CDSS’仅在讨论中出现，没有具体制品类别、组件关系或实际部署证据，因此不满足严格纳入条件。,0.95,106303
20317,20317_2021_dncp-an-attention-based-deep-learning-approach-enhanced-with-attractiveness-and-timeliness-of-ne.md,DNCP: An attention-based deep learning approach enhanced with attractiveness and timeliness of News for online news click prediction,Jie Xiong; Li Yu; Dongsong Zhang; Youfang Leng,2021,Information & Management,10.1016/j.im.2021.103428,False,independent_agreement_exclude,False,False,fully_objective_direct,objective_improvement_primary,algorithm_or_model_only,NO_EXPLICIT_ARTIFACT_CLASS | NO_MATERIAL_ARTIFACT_CHANGE | NO_OPERATIONAL_INSTANTIATION | ALGORITHM_MODEL_ONLY,指标方面，文章以新闻点击预测的precision、recall、F1和accuracy为核心成功指标，真实类别来自平台点击日志的阈值化，属于完全客观的可测量结果。核心目标也确实是提升该客观预测性能。但制品方面不具备资格：全文提出并评价的是一个深度预测模型DNCP，而不是某类被实际实现或运行的软件制品；它只是在Sohu和Toutiao数据集上离线训练和测试，未将模型作为新闻推荐系统、排名服务或其他信息系统的实际组件实例化运行。这属于典型的news-click prediction model排除情形。,0.97,74798
20559,20559_2023_will-they-take-this-offer-a-machine-learning-price-elasticity-model-for-predicting-upselling-acc.md,Will they take this offer? A machine learning price elasticity model for predicting upselling acceptance of premium airline seating,Saravanan Thirumuruganathan; Noora Al Emadi; Soon-gyo Jung; Joni Salminen; Dianne Ramirez Robillos; Bernard J. Jansen,2023,Information & Management,10.1016/j.im.2023.103759,False,independent_agreement_exclude,False,False,fully_objective_direct,objective_improvement_primary,algorithm_or_model_only,NO_EXPLICIT_ARTIFACT_CLASS | NO_MATERIAL_ARTIFACT_CHANGE | NO_OPERATIONAL_INSTANTIATION | ALGORITHM_MODEL_ONLY | SIMULATION_ONLY,文章的核心指标（升级接受、收入、邮件减少）和核心目标（提升这些客观业务结果）都是客观的，但所交付的PREM本质上是一个机器学习价格弹性模型/算法架构，而不是一个在实际运营中实例化或运行的软件制品。文中虽有“ML information system”的自我称谓，但实现与评价全部基于历史数据离线训练与仿真，没有对航空公司实际邮件营销或订座系统进行软件层面的实质修改或集成，也明确缺乏现场研究/部署证据。因此，软件制品三个必要条件不满足，严格纳入为否。,0.87,94094
25390,25390_2021_unveiling-the-hidden-truth-of-drug-addiction-a-social-media-approach-using-similarity-network-ba.md,Unveiling the Hidden Truth of Drug Addiction: A Social Media Approach Using Similarity Network-Based Deep Learning,Jiaheng Xie; Zhu Zhang; Xiao Liu; Daniel Zeng,2021,Journal of Management Information Systems,10.1080/07421222.2021.1870388,False,independent_agreement_exclude,False,False,human_semantic_judgment,objective_improvement_primary,algorithm_or_model_only,HUMAN_SEMANTIC_JUDGMENT | SUBJECTIVE_CONSTRUCT | ALGORITHM_MODEL_ONLY | NO_EXPLICIT_ARTIFACT_CLASS,第一，核心成功指标F1/extraction evaluation基于专家对文本语义类别（OUD治疗障碍短语）的人工标注，该构念依赖人的语义判断，不是可由明确操作规则或外部事实核验的客观事实标签；因此指标不满足完全客观要求。第二，虽然文章将提升F1作为主要目标，但由于指标本身不客观，不能通过核心目标门槛。第三，SINDEL虽然被称为‘information system/IT artifact’，但全文详细描述的是一个深度学习模型及其离线训练和性能比较，没有明确类别为可运行软件制品（如平台、应用、插件等），也没有在系统中作为组件实例化或运行；因此不满足软件制品三个证据要求。综合判断，本文章不符合IS资格审计中关于客观指标和软件制品的严格标准。,0.95,96899
25392,25392_2021_the-effectiveness-of-social-norms-in-fighting-fake-news-on-social-media.md,The Effectiveness of Social Norms in Fighting Fake News on Social Media,Henner Gimpel; Sebastian Heger; Christian Olenberger; Lena Utz,2021,Journal of Management Information Systems,10.1080/07421222.2021.1870389,True,independent_agreement_include,True,True,fully_objective_direct,objective_improvement_primary,implemented_software_artifact,,该文章以用户报告假新闻的数量（实际点击行为）作为完全客观的核心结果指标；研究问题、假设、评价与贡献均明确指向通过社交媒体界面中的社会规范信息提升该客观行为指标；作者设计并实现了可运行的类Facebook新闻源界面，在其中实质加入和修改了规范消息与报告功能，并通过两个在线实验实际运行和记录行为数据。没有主观构念作为核心成功标准，因此所有必要门槛均满足。,0.95,94122
25398,25398_2021_handling-the-efficiencypersonalization-trade-off-in-service-robotics-a-machine-learning-approach.md,Handling the Efficiency–Personalization Trade-Off in Service Robotics: A Machine-Learning Approach,Schahin Tofangchi; André Hanelt; David Marz; Lutz M. Kolbe,2021,Journal of Management Information Systems,10.1080/07421222.2021.1870391,False,independent_agreement_exclude,False,False,mixed_objective_subjective,theory_or_explanation_primary,implemented_artifact_component,MIXED_CORE_OUTCOMES | OBJECTIVE_METRIC_NOT_CORE | NO_OPERATIONAL_INSTANTIATION,文章确实设计了明确软件制品（面向 AV 决策的 ML 应用）并实际训练和评估了其中的能量效率预测模型和用户偏好估计模型；能量效率预测误差是客观指标，偏好估计误差也以配置日志为标签。然而，核心目标并非单纯提升一个完全客观指标：它以‘处理效率-个性化权衡’和‘将这一权衡引入 BDA 价值创造研究’作为核心贡献，偏好构念涉及个体体验/偏好，且额外的消费者支付意愿/价值研究依赖主观报告。同时，整体权衡模块并未在真实自动驾驶运行中实例化，作者明确说明只能在数学层面分析整体行为。因此不满足完全客观指标、客观目标为核心以及组件运行证据三项硬性条件。,0.82,106245
25407,25407_2021_designing-effective-mobile-health-apps-does-combining-behavior-change-techniques-really-create-s.md,Designing Effective Mobile Health Apps: Does Combining Behavior Change Techniques Really Create Synergies?,Kai Spohrer; Monica Fallon; Hartmut Hoehle; Armin Heinzl,2021,Journal of Management Information Systems,10.1080/07421222.2021.1912936,False,independent_agreement_exclude,False,False,fully_objective_direct,theory_or_explanation_primary,implemented_software_artifact,THEORY_OR_EXPLANATION_PRIMARY,文章开发并实际运行了mHealth原型，并采用训练完成次数和应用打开次数等完全客观的使用指标进行评价，满足客观指标和制品实例化要求。然而，文章的核心目标不是提升这些客观指标，而是通过explanatory design theorizing检验行为改变技术组合背后的理论机制，解释为什么保护动机与向上社会比较的联合会降低mHealth使用；其最终贡献是理论边界条件、设计知识和对‘组合技术产生协同效应’假设的质疑。客观指标仅作为检验理论假设的结果变量，属于理论驱动研究中的次要评价工具，而非文章要改善的最终目标。因此不满足‘客观指标提升是文章核心目标’这一必要条件。,0.95,105339
25440,25440_2021_fall-detection-with-wearable-sensors-a-hierarchical-attention-based-convolutional-neural-network.md,Fall Detection with Wearable Sensors: A Hierarchical Attention-based Convolutional Neural Network Approach,Shuo Yu; Yidong Chai; Hsinchun Chen; Randall A. Brown; Scott J. Sherman; Jay F. Nunamaker,2021,Journal of Management Information Systems,10.1080/07421222.2021.1990617,False,independent_agreement_exclude,False,False,objective_fixed_factual_labels,objective_improvement_primary,algorithm_or_model_only,ALGORITHM_MODEL_ONLY | NO_EXPLICIT_ARTIFACT_CLASS,文章以HACNN在公开跌倒数据集上的F1/precision/recall为核心目标指标，这些指标基于可外部核验的跌倒标签，属于客观固定事实标签；改进检测效果也确实是全文核心目标。然而，HACNN被设计和评价为一个离线深度学习模型，而不是被明确实例化在跌倒检测系统/软件制品中的功能组件；文中虽然使用“IT artifact”和“fall detection systems”等词，但实际运行证据仅是在数据集上训练和验证模型，真实部署只是未来设想。因此未满足软件制品三条门槛，严格排除。,0.88,87813
25465,25465_2022_assessing-and-enhancing-adversarial-robustness-of-predictive-analytics-an-empirically-tested-des.md,Assessing and Enhancing Adversarial Robustness of Predictive Analytics: An Empirically Tested Design Framework,Weifeng Li; Yidong Chai,2022,Journal of Management Information Systems,10.1080/07421222.2022.2063549,True,independent_agreement_include,True,True,objective_fixed_factual_labels,objective_improvement_primary,implemented_software_artifact,,文章以评估并增强预测分析系统的对抗鲁棒性为核心目标，使用基于固定垃圾/非垃圾事实标签和模型预测计算的性能比率、性能-扰动曲线下面积等客观指标，不依赖人类主观感知或语义质量判断。作者设计并实际运行了ARText健壮文本分类系统，明确给出系统类别、组件设计和实验运行证据，且在垃圾评论和垃圾邮件两个数据集上验证了ARText相对基线模型的鲁棒性提升。所有七个门槛均满足，因此严格纳入。,0.95,107854
26551,26551_2024_contextual-targeting-in-mhealth-apps-harnessing-weather-information-and-message-framing-to-incre.md,Contextual Targeting in mHealth Apps: Harnessing Weather Information and Message Framing to Increase Physical Activity,Nakyung Kyung; Jason Chan; Sanghee Lim; Byungtae Lee,2024,Information Systems Research,10.1287/isre.2020.0119,False,adjudicated_exclude,True,False,fully_objective_direct,objective_improvement_primary,platform_only_context,NO_EXPLICIT_ARTIFACT_CLASS | NO_MATERIAL_ARTIFACT_CHANGE | PLATFORM_CONTEXT_ONLY,"该文满足完全客观指标（步数、10,000步完成率）和核心目标为客观指标提升的要求，但在软件制品条件上证据不足。作者设计的是消息框架文本（gain/loss/neutral），借助合作公司现成活动追踪app的推送通知和计步器发送和记录，未设计、构建、实质修改任何软件制品或软件组件；app仅为实验平台。因此不满足纳入所需的‘明确设计、构建或实质修改软件制品并实例化运行’条件，判定排除。",0.95,101304
27582,27582_2020_taming-complexity-in-search-matching-two-sided-recommender-systems-on-digital-platforms.md,Taming Complexity in Search Matching: Two-Sided Recommender Systems on Digital Platforms,Onkar Malgonde; He Zhang; Balaji Padmanabhan; Moez Limayem,2020,MIS Quarterly,10.25300/misq/2020/14424,False,independent_agreement_exclude,False,False,objective_fixed_factual_labels,objective_improvement_primary,algorithm_or_model_only,NO_EXPLICIT_ARTIFACT_CLASS | NO_MATERIAL_ARTIFACT_CHANGE | NO_OPERATIONAL_INSTANTIATION | ALGORITHM_MODEL_ONLY | SIMULATION_ONLY,该文核心目标是提出并评估一个两方推荐系统框架以驯服搜索匹配复杂性并提高代理适应度，适应度和 AIC 均为客观可审计的模拟输出，因此客观指标和核心目标 gate 通过。但制品 gate 不通过：全文没有界定并实际实现一个可运行的软件制品（如可部署的推荐系统、平台插件或交互系统），而是设计了一个带启发式推荐规则的代理模拟模型；该模型作为研究环境/仿真方法被运行，推荐算法没有被实例化为实际平台中的软件组件。因此不符合“通过设计、构建或实质修改某类软件制品并实际实例化”的必要条件。,0.93,148282
27598,27598_2025_radar-a-framework-for-developing-adversarially-robust-cyber-defense-ai-agents-with-deep-reinforc.md,RADAR: A Framework for Developing Adversarially Robust Cyber Defense AI Agents with Deep Reinforcement Learning,Reza Ebrahimi; Yidong Chai; Weifeng Li; Jason Pacheco; Hsinchun Chen,2025,MIS Quarterly,10.25300/misq/2024/17339,True,independent_agreement_include,True,True,objective_fixed_factual_labels,objective_improvement_primary,implemented_software_artifact,,核心指标为逃避率和假阳性率，二者基于恶意软件/良性可执行文件的事实类别与检测器二元行为，客观可核验且不依赖人的感知或语义判断。文章的最终设计目标、实验设计和贡献声明均以降低对抗攻击逃避率、提升检测器鲁棒性为核心。RADAR 被明确称为 situated IT artifact，其实例化包括基于 OpenAI Gym 的可运行 RL 环境、r-VAC 攻击生成模块和 RL-RO 鲁棒化模块，并在三个实际恶意软件检测器上运行和评价，满足软件制品实际实例化与运行的要求。未发现主观结果作为共同主要成功标准。,0.91,142337
27636,27636_2025_mitigating-bias-in-hate-speech-detection-with-a-small-number-of-expert-annotations-a-prompt-base.md,Mitigating Bias in Hate Speech Detection With a Small Number of Expert Annotations: A Prompt-Based Learning Approach,Dongjun Wei; Michael Chau; Zhepeng (Lionel) Li,2025,MIS Quarterly,10.25300/misq/2025/18416,False,independent_agreement_exclude,False,False,objective_fixed_factual_labels,objective_improvement_primary,algorithm_or_model_only,ALGORITHM_MODEL_ONLY | NO_EXPLICIT_ARTIFACT_CLASS | NO_MATERIAL_ARTIFACT_CHANGE | NO_OPERATIONAL_INSTANTIATION,指标与核心目标可通过：仇恨/非仇恨采用专家标注作为既定事实标签，FPR/FNR/F1/ACC/SP 的计算客观可复核；全文以降低语言偏差、提升检测性能为最终目标并以此评价。但软件制品证据不足：全文实现并运行的是算法框架和模型组件（对比学习、提示学习、pair generator、verbalizer），作者使用 detection framework/method 等词，但未明确说明这是一个可运行的软件制品类别（如检测系统、应用、平台、插件）中的完整或实质性组件；也未提供任何面向用户的系统、接口、插件或部署环境中的实例化证据。现有数据集只是评价场景，平台未被实质改造。因此本审计不纳入。,0.92,156359
27642,27642_2025_the-fog-of-warnings-how-non-security-related-notifications-diminish-the-efficacy-of-security-war.md,The Fog of Warnings: How Non-Security-Related Notifications Diminish the Efficacy of Security Warnings,Anthony Vance; Dave Eargle; C. Brock Kirwan; Bonnie Brinton Anderson; Jeffrey L. Jenkins,2025,MIS Quarterly,10.25300/misq/2025/18531,False,independent_agreement_exclude,False,False,fully_objective_direct,theory_or_explanation_primary,algorithm_or_model_only,THEORY_OR_EXPLANATION_PRIMARY | NO_OPERATIONAL_INSTANTIATION,该文以解释和检验‘习惯化泛化’理论现象为核心，研究目标和贡献是理论解释、实证确证及为未来警告设计提供指导；警告忽视率和反应时间虽为完全客观的行为结果，但它们是用来验证理论假设的因变量，不是对某个被设计/构建的软件制品进行改进评估的核心指标。虽然研究确实构造了不同视觉外观和交互模式的警告刺激，但这些刺激仅在实验环境中作为刺激呈现，研究并未定义、构建并实例化一个可运行软件制品并以其为目标成果进行评价。因此不满足核心目标和软件制品实例化条件。,0.97,111664
27998,27998_2021_how-to-assign-scarce-resources-without-money-designing-information-systems-that-are-efficient-tr.md,"How to Assign Scarce Resources Without Money: Designing Information Systems that are Efficient, Truthful, and (Pretty) Fair",Martin Bichler; Alexander Hammerl; Thayer Morrill; Stefan Waldherr,2021,Information Systems Research,10.1287/isre.2020.0959,True,independent_agreement_include,True,True,fully_objective_direct,objective_improvement_primary,implemented_artifact_component,,文章的核心设计目标是构造并实际引入RESPCT课程分配机制，在保持策略真实性和Pareto效率的同时显著降低合理嫉羡。合理嫉羡是形式化定义的正式匹配性质，由学生偏好、课程优先序和匹配结果确定性地计算，不依赖人的主观感受或评分；效率（排名与Pareto改进比例）和运行时间同样是客观指标。文章不仅给出算法，还明确将其作为课程分配信息系统的核心组件实现，并在真实大规模课程分配应用与后续实际部署中运行和验证。因此七个门槛全部通过。,0.95,120178
28018,28018_2021_dynamic-multidimensional-and-skillset-specific-reputation-systems-for-online-work.md,"Dynamic, Multidimensional, and Skillset-Specific Reputation Systems for Online Work",Marios Kokkodis,2021,Information Systems Research,10.1287/isre.2020.0972,False,independent_agreement_exclude,False,False,subjective_construct_with_fixed_labels,objective_improvement_primary,algorithm_or_model_only,SUBJECTIVE_CONSTRUCT | HUMAN_SEMANTIC_JUDGMENT | ALGORITHM_MODEL_ONLY | NO_EXPLICIT_ARTIFACT_CLASS | NO_OPERATIONAL_INSTANTIATION | NO_MATERIAL_ARTIFACT_CHANGE,文章的核心指标是雇主对工人服务质量的评分，该构念本质上依赖人的主观感知和语义判断，不满足完全客观指标的要求。文章的核心贡献是提出并离线评估一个声誉计算框架（HMM-W2V），它由词嵌入、隐马尔可夫模型和聚合算法组成，但并未被实现或部署为可运行的软件制品或制品组件；因此七项门槛均不满足。,0.95,127882
28035,28035_2024_when-variety-seeking-meets-unexpectedness-incorporating-variety-seeking-behaviors-into-design-of.md,When Variety Seeking Meets Unexpectedness: Incorporating Variety-Seeking Behaviors into Design of Unexpected Recommender Systems,Pan Li; Alexander Tuzhilin,2024,Information Systems Research,10.1287/isre.2021.0053,True,adjudicated_include,False,True,fully_objective_direct,objective_improvement_primary,implemented_artifact_component,,文章的核心目标是设计、实现并部署一个将消费者多样性寻求水平纳入意外推荐的推荐模型，以提升完全客观的业务绩效指标。离线评价使用AUC和Hit Rate@10，在线实验使用点击率、观看完成率和观看时长，这些指标均来自系统日志中的可观测行为或确定性阈值转换，不依赖主观评分或语义判断。软件制品是推荐系统的核心组件——个性化推荐模型/效用函数，已在多个离线数据集上训练验证，并在大型视频平台进行了大规模在线A/B实验，最终被公司部署到整个平台，满足设计、修改、实例化和运行要求。论文中的用户问卷研究只用于验证多样性寻求测量构念的有效性，属于输入变量测量效度检验，不是证明推荐系统制品成功的核心结果。因此，不构成主观共同主要结果，应纳入。,0.91,90346
28044,28044_2024_task-characteristics-and-incentives-in-collaborative-problem-solving-evidence-from-three-field-e.md,Task Characteristics and Incentives in Collaborative Problem Solving: Evidence from Three Field Experiments,Jayarajan Samuel; Zhiqiang (Eric) Zheng; Vijay Mookerjee,2024,Information Systems Research,10.1287/isre.2021.0118,False,independent_agreement_exclude,False,False,fully_objective_direct,objective_metric_secondary,implemented_software_artifact,OBJECTIVE_METRIC_NOT_CORE,该文核心目标是研究任务特征和激励对跨职能协作问题解决成功的影响，属于理论/实证研究；虽然使用并实现了HRTech Analytics推荐系统，并以工程师工时、案件周转时间等完全客观指标进行评价，但这些客观指标更多是用于测量协作流程、任务特征和激励的因果效应，而不是以设计/构建该软件制品并提升客观指标作为文章最终核心贡献。软件制品在实验三中确实被实例化运行，但它的角色是研究激励和推荐遵从的工具；文章贡献声明聚焦于协作机制和激励错位，而非推荐系统设计改进。因此客观指标提升不是核心目标。,0.84,100435
28089,28089_2025_predicting-instructor-performance-in-online-education-an-interpretable-hierarchical-transformer.md,Predicting Instructor Performance in Online Education: An Interpretable Hierarchical Transformer with Contextual Attention,Wen Wang; Mi Zhou; Beibei Li; Honglei Zhuang,2025,Information Systems Research,10.1287/isre.2021.0310,False,independent_agreement_exclude,False,False,subjective_or_self_report,objective_improvement_primary,algorithm_or_model_only,SUBJECTIVE_CONSTRUCT | ALGORITHM_MODEL_ONLY | NO_EXPLICIT_ARTIFACT_CLASS | NO_MATERIAL_ARTIFACT_CHANGE | NO_OPERATIONAL_INSTANTIATION,核心预测目标为 Coursera 学生给出的 instructor/course rating，这是学生对教学和课程质量的主观评价，不满足客观构念要求；MSE/MAE 只是对这一主观标签的预测误差。文章的核心贡献是提升这类主观评分的预测精度，而文章所实现的仅是一个深度学习模型，未明确作为某软件制品的组件被实例化或在平台中运行。因此不满足完全客观指标、核心目标和软件制品三个必要条件。,0.96,83070
28109,28109_2025_enhancing-user-privacy-through-ephemeral-sharing-design-experimental-evidence-from-online-dating.md,Enhancing User Privacy Through Ephemeral Sharing Design: Experimental Evidence from Online Dating,Yumei He; Xingchen Xu; Ni Huang; Yili Hong; De Liu,2025,Information Systems Research,10.1287/isre.2021.0379,True,independent_agreement_include,True,True,fully_objective_direct,objective_improvement_primary,implemented_artifact_component,,核心目标是提升完全客观、可直接审计的结果指标：发送带照片的匹配请求数量、含人脸照片数量、成功匹配数和接收者消息数，全部来自系统日志和平台记录；文章以随机现场实验证明短暂分享设计提升了这些指标，并以此作为核心贡献。隐私担忧等主观量表仅作为机制解释，不构成共同主要结果。在制品方面，文章在真实在线约会平台生产系统中实质修改了匹配请求页面的UI和照片上传交互，实现了短暂照片功能，并在实验期间实际运行、被用户使用，实验后平台将其推广。因此满足全部七道门槛。,0.95,105236
28168,28168_2021_designing-personalized-treatment-plans-for-breast-cancer.md,Designing Personalized Treatment Plans for Breast Cancer,Wei Chen; Yixin Lu; Liangfei Qiu; Subodha Kumar,2021,Information Systems Research,10.1287/isre.2021.1002,False,independent_agreement_exclude,False,False,fully_objective_direct,objective_improvement_primary,algorithm_or_model_only,NO_EXPLICIT_ARTIFACT_CLASS | NO_MATERIAL_ARTIFACT_CHANGE | NO_OPERATIONAL_INSTANTIATION | ALGORITHM_MODEL_ONLY,该文的核心目标是通过预测模型和优化模型生成个性化放疗方案，降低平均辐射剂量和治疗成本，这些指标完全客观，且客观指标提升是主要贡献。但全文只提出并评价了一个由算法/模型构成的决策支持框架，并未明确构建或实现对某个软件制品（如临床决策支持系统、应用程序、平台等）的设计、修改和实例化。仿真实验中的算法运行不足以构成合格软件制品的运行证据。因此，虽然客观指标门槛全部通过，但软件制品三gate均不满足，应排除。,0.9,95374
28188,28188_2021_estimating-the-impact-of-humanizing-customer-service-chatbots.md,Estimating the Impact of “Humanizing” Customer Service Chatbots,Scott Schanke; Gordon Burtch; Gautam Ray,2021,Information Systems Research,10.1287/isre.2021.1015,True,independent_agreement_include,True,True,fully_objective_direct,objective_improvement_primary,implemented_software_artifact,,该文通过实地运行的 Facebook Messenger 聊天机器人随机施加三种类人化设计特征，核心因变量为真实交易转化和报价敏感性，两者均来自日志/随机报价，不依赖主观感知；研究问题、结果和贡献都以转化率提升和报价敏感性调节为核心目标，因此同时满足完全客观指标、核心目标、实际软件制品三项要求。辅助操纵检验和 MTurk 主观评分仅用于机制解释，不构成共同核心成功标准。,0.95,87312
28211,28211_2022_the-secret-to-finding-a-match-a-field-experiment-on-choice-capacity-design-in-an-online-dating-p.md,The Secret to Finding a Match: A Field Experiment on Choice Capacity Design in an Online Dating Platform,Jaehwuen Jung; Hyungsoo Lim; Dongwon Lee; Chul Kim,2022,Information Systems Research,10.1287/isre.2021.1028,True,adjudicated_include,True,False,fully_objective_direct,objective_improvement_primary,implemented_artifact_component,,文章的核心研究目标是通过随机现场实验检验 choice capacity 对 engagement（选择数）和 matching outcomes（聊天数）的因果效应，并为在线匹配平台提供提升这两个客观绩效指标的设计指南。核心因变量均来自平台系统日志，客观可核验；主观吸引力评分仅用于机制分析和控制变量，不是核心成功指标。软件制品方面，作者不仅设置不同 choice capacity，还明确“design the matching algorithm on the platform”，实现同组隔离、随机展示顺序、去重等规则，并在生产平台连续实际运行三天，符合‘明确设计/实质修改软件组件并实例化运行’的门槛。因此所有纳入条件均满足。,0.84,89249
28268,28268_2022_bidder-support-in-multi-item-multi-unit-continuous-combinatorial-auctions-a-unifying-theoretical.md,Bidder Support in Multi-item Multi-unit Continuous Combinatorial Auctions: A Unifying Theoretical Framework,Gediminas Adomavicius; Alok Gupta; Mochen Yang,2022,Information Systems Research,10.1287/isre.2021.1068,False,independent_agreement_exclude,False,False,fully_objective_direct,objective_metric_secondary,algorithm_or_model_only,OBJECTIVE_METRIC_NOT_CORE | NO_EXPLICIT_ARTIFACT_CLASS | NO_MATERIAL_ARTIFACT_CHANGE | NO_OPERATIONAL_INSTANTIATION | ALGORITHM_MODEL_ONLY,文章目标是从理论上求解并统一 MIMU 组合拍卖中的 bidder support 问题，贡献声明明确为‘求解问题/推导理论结果’；计算效率只作为算法实现后的性能基准出现。虽然运行时间等指标客观，但不是全文最终核心目标。同时，没有将研究定位为实现或实质修改某一可运行软件制品（如 bidder support 系统、平台模块或界面），只有 C 语言算法实现和模拟运行，属于算法/模型或计算设计，不满足软件制品实例化要求。,0.97,131132
28336,28336_2024_background-music-recommendation-on-short-video-sharing-platforms.md,Background Music Recommendation on Short Video Sharing Platforms,Jiawei Chen; Luo He; Hongyan Liu; Yinghui (Catherine) Yang; Xuan Bi,2024,Information Systems Research,10.1287/isre.2022.0093,False,independent_agreement_exclude,False,False,fully_objective_direct,objective_improvement_primary,algorithm_or_model_only,ALGORITHM_MODEL_ONLY | NO_OPERATIONAL_INSTANTIATION | NO_EXPLICIT_ARTIFACT_CLASS,该文以提升背景音乐推荐的 HR、NDCG、AL 为核心目标，这些指标均来自平台历史交互日志和点赞行为，是客观可观测的，核心目标也确为离线推荐性能提升。然而，全文提出的 DL-BGM 是一套深度学习算法/模型，仅在已收集的历史数据集上离线训练和测试，未明确构建或实质修改任何推荐系统、平台、插件等可运行软件制品，也未在真实推荐场景中实例化运行。即使作者使用 recommender system 一词，也不能替代制品证据。因此不满足软件制品必要条件，严格排除。,0.96,101439
28352,28352_2025_hypercars-using-hyperbolic-embeddings-for-generating-hierarchical-contextual-situations-in-conte.md,HyperCARS: Using Hyperbolic Embeddings for Generating Hierarchical Contextual Situations in Context-Aware Recommender Systems,Konstantin Bauman; Alexander Tuzhilin; Moshe Unger,2025,Information Systems Research,10.1287/isre.2022.0202,True,independent_agreement_include,True,True,fully_objective_direct,objective_improvement_primary,implemented_artifact_component,,文章核心贡献是改进上下文感知推荐系统的推荐准确性和排名性能（RMSE、MAE、Hit@K、MRR@K），这些指标完全客观可测。所提出的HyperCARS方法包含明确的软件组件（双曲VAE、层次聚类、NeuMF扩展）并在多个真实数据集上实际训练和评估，实现了推荐组件的运行。可解释性虽也被提及，但用客观计算指标（准确率、覆盖率、规则长度）衡量，不构成主观核心结果。因此满足七道门槛，应纳入。,0.98,134058
28355,28355_2024_smart-markets-for-real-time-allocation-of-multiproduct-resources-the-case-of-shared-electric-veh.md,Smart Markets for Real-Time Allocation of Multiproduct Resources: The Case of Shared Electric Vehicles,Micha Kahlen; Karsten Schroer; Wolfgang Ketter; Alok Gupta,2024,Information Systems Research,10.1287/isre.2022.0204,True,independent_agreement_include,True,True,fully_objective_direct,objective_improvement_primary,implemented_software_artifact,,FleetPower 是明确开发的决策支持系统（DSS），用于 SEV 车队的实时多产品资源分配。其核心目标是通过智能市场分配提升利润和利用率，所有主要评价指标均为客观事实（利润、利用率、预测 RMSE、决策混淆矩阵），不涉及主观感知或语义判断。DSS 的五个软件组件被明确设计和实现，并在基于真实数据的离散事件模拟环境中实际执行和评价，满足软件制品实例化要求。,0.98,103125
28396,28396_2025_customer-acquisition-via-explainable-deep-reinforcement-learning.md,Customer Acquisition via Explainable Deep Reinforcement Learning,Yicheng Song; Wenbo Wang; Song Yao,2025,Information Systems Research,10.1287/isre.2022.0529,False,independent_agreement_exclude,False,False,fully_objective_direct,objective_improvement_primary,algorithm_or_model_only,ALGORITHM_MODEL_ONLY | NO_OPERATIONAL_INSTANTIATION | NO_EXPLICIT_ARTIFACT_CLASS,文章的贡献是一个DRQN-attention强化学习算法/模型，其核心目标确实是提升完全客观的长期收入/奖励指标，且评价基于离线历史数据上的off-policy评估，指标本身客观。但从软件制品三要素看，全文没有明确描述作者设计、构建或实质修改了某类可运行的软件制品：数字银行现有的customer acquisition system只作为数据来源和实验场景被提及，未被作者改造或实例化；DRQN-attention只是在数据上训练的RL模型，没有被部署到该系统或作为系统组件实际运行。作者在结论中也承认模型并未在on-policy环境中运行，运行是未来方向。因此属于算法/模型边界情形，不满足软件制品门槛，应排除。,0.92,101290
28459,28459_2023_could-gamification-designs-enhance-online-learning-through-personalization-lessons-from-a-field.md,Could Gamification Designs Enhance Online Learning Through Personalization? Lessons from a Field Experiment,Alvin Chung Man Leung; Radhika Santhanam; Ron Chi-Wai Kwok; Wei Thoo Yue,2023,Information Systems Research,10.1287/isre.2022.1123,False,adjudicated_exclude,False,True,fully_objective_direct,theory_or_explanation_primary,implemented_artifact_component,THEORY_OR_EXPLANATION_PRIMARY | OBJECTIVE_METRIC_NOT_CORE,本文在KEEP MOOC平台上实际实现并运行了游戏化绩效反馈组件（如排行榜、失败者榜、徽章等），并通过系统日志和客观测试测量SRL参与度、学习效率和学习成果，满足客观指标与制品实例化要求。然而，文章的核心研究问题、假设和贡献均围绕解释游戏化研究结果的不一致、验证目标导向与游戏化反馈的匹配理论，以及推进SRL理论，而非将提升某个客观结果指标作为最终目标。因此不满足“客观指标提升是文章核心目标”的必要条件，应排除。,0.92,116163
28462,28462_2023_augmenting-password-strength-meter-design-using-the-elaboration-likelihood-model-evidence-from-r.md,Augmenting Password Strength Meter Design Using the Elaboration Likelihood Model: Evidence from Randomized Experiments,Warut Khern-am-nuai; Matthew J. Hashim; Alain Pinsonneault; Weining Yang; Ninghui Li,2023,Information Systems Research,10.1287/isre.2022.1125,True,independent_agreement_include,True,True,fully_objective_direct,objective_improvement_primary,implemented_software_artifact,,文章以提升客观可测的密码安全行为为核心目标，核心指标（密码强度增加、密码修改次数）由系统算法和日志确定性计算，不依赖主观评价；设计并实际部署了改进的密码强度计（软件制品），明确添加说服性消息组件，并在实验室和现场实验中运行。调查中的主观量表仅用于理论机制验证，不是制品成功的核心结果。因此符合全部入选条件。,0.97,116753
28478,28478_2022_algorithmic-assortative-matching-on-a-digital-social-medium.md,Algorithmic Assortative Matching on a Digital Social Medium,Kristian López Vargas; Julian Runge; Ruizhi Zhang,2022,Information Systems Research,10.1287/isre.2022.1135,True,independent_agreement_include,True,True,fully_objective_direct,objective_improvement_primary,implemented_software_artifact,,指标方面：文章核心成功指标为收入、消息数、任务开始/成功次数和留存，均为可从交易/游戏日志直接观测的客观行为事实，不依赖人的主观评价或语义判断。核心目标方面：作者明确设计并部署算法匹配系统，旨在提升用户参与度、支出和社交化，并通过现场实验评价这些客观结果的因果效应；机制分析（生产函数超模性、媒介分析）是解释性补充，不改变以客观指标提升为核心贡献的定位。软件制品方面：存在明确制品类别（嵌入游戏应用的算法团队推荐/匹配系统），具体设计并实质修改了用户分类模型、团队活动评分和每日供需匹配推荐流程，且系统被部署到生产环境并运行六周，实验结果显示其实际效果。三项必要条件均满足，因此纳入。,0.97,105830
28480,28480_2023_augmenting-social-bot-detection-with-crowd-generated-labels.md,Augmenting Social Bot Detection with Crowd-Generated Labels,Victor Benjamin; T. S. Raghu,2023,Information Systems Research,10.1287/isre.2022.1136,True,independent_agreement_include,True,True,objective_fixed_factual_labels,objective_improvement_primary,implemented_artifact_component,,文章的核心目标是构建一个通过利用真实人群反应来增强社交机器人检测的系统，并以可审计的机器人/非机器人事实标签上的precision、recall、F1、AUC等客观检测性能作为最终成功指标。虽然系统内部包含主题、情感和言语行为分类模块，其训练需要人工标注，但核心结果并非人的语义质量评价或满意度等主观构念，而是对固定事实类别（是否为机器人账户）的预测性能。软件制品类别明确（社交机器人检测系统），作者实际构建了人群反应特征提取与分类组件，并在真实Reddit数据上运行评价了该系统，因此满足全部七项门槛。,0.99,117263
28494,28494_2023_fun-shopping-a-randomized-field-experiment-on-gamification.md,Fun Shopping: A Randomized Field Experiment on Gamification,Yi-Jen (Ian) Ho; Siyuan Liu; Lei Wang,2023,Information Systems Research,10.1287/isre.2022.1147,True,adjudicated_include,True,False,fully_objective_direct,objective_improvement_primary,implemented_software_artifact,,该文通过随机现场实验研究徽章、排行榜和优惠券对线下购物行为的因果效应。核心结果指标均为完全客观、可直接核验的行为数据：消费金额、步行距离和商店访问次数，均来自销售记录与室内Wi-Fi追踪，不依赖任何人类主观评分。研究的核心目标即为量化这些客观业务指标的提升，属于objective_improvement_primary。软件制品方面，作者明确设计并构建了在线到线下的游戏化购物交互环境，包括私密徽章收集页面、实时刷新的公共排行榜页面和数字优惠券页面，并在包含8000名访客的商场现场实际运行、推送和收集数据；这不是通用算法或离线模型，也不是未来设想。因此三项门槛均满足，应纳入。,0.93,112110
28496,28496_2022_managing-congestion-in-a-matching-market-via-demand-information-disclosure.md,Managing Congestion in a Matching Market via Demand Information Disclosure,Ni Huang; Gordon Burtch; Yumei He; Yili Hong,2022,Information Systems Research,10.1287/isre.2022.1148,True,independent_agreement_include,True,True,fully_objective_direct,objective_improvement_primary,implemented_software_artifact,,"本文核心目标是通过在真实移动约会应用中设计和运行需求信息揭示UI干预来降低拥挤、提高匹配效率。匹配效率、请求数量、匹配数量均为平台日志可直接审计的客观行为指标，不依赖用户主观评价；干预是对实际App UI功能的实质性修改，并在两周实地实验中由48,658名用户实际运行和评估。七项门槛均满足。",0.97,128096
28510,28510_2023_personalized-ranking-at-a-mobile-app-distribution-platform.md,Personalized Ranking at a Mobile App Distribution Platform,Shengjun Mao; Sanjeev Dewan; Yi-Jen (Ian) Ho,2023,Information Systems Research,10.1287/isre.2022.1156,False,independent_agreement_exclude,False,False,fully_objective_direct,objective_improvement_primary,algorithm_or_model_only,NO_EXPLICIT_ARTIFACT_CLASS | NO_MATERIAL_ARTIFACT_CHANGE | NO_OPERATIONAL_INSTANTIATION | ALGORITHM_MODEL_ONLY,文章以提升平台预期收入这一完全客观结果为核心目标，收入由真实点击/安装日志和 CPA margins 计算，因此客观指标门槛通过。但文章只提出了个性化排序算法/框架和结构模型，并通过反事实政策实验进行评价；没有明确的软件制品类别，没有对真实平台进行实质改造，也没有把排序组件实例化或部署运行。作者明确承认未做随机现场实验，仅在未来实施建议中提到批量部署。因此软件制品三个门槛均不满足，strict_include 应为 false。,0.97,95833
28537,28537_2023_diversity-preference-aware-link-recommendation-for-online-social-networks.md,Diversity Preference-Aware Link Recommendation for Online Social Networks,Kexin Yin; Xiao Fang; Bintong Chen; Olivia R. Liu Sheng,2023,Information Systems Research,10.1287/isre.2022.1174,False,independent_agreement_exclude,False,False,fully_objective_direct,objective_improvement_primary,algorithm_or_model_only,NO_EXPLICIT_ARTIFACT_CLASS | ALGORITHM_MODEL_ONLY,指标维度通过：DPMS、precision、recall、F1 均基于可审计的好友计数和真实未来好友关系，不依赖人类主观评分；且提升这些指标是文章的核心目标。但制品维度不通过：全文提出并离线运行的是链接推荐算法/优化方法，没有被实例化为具体软件系统、应用、插件或平台组件，也没有实质修改任何在线系统；讨论中提到的可集成到链接推荐组件只是未来设想。因此不满足软件制品三证据，严格排除。,0.92,103004
28562,28562_2023_spoiled-for-choice-personalized-recommendation-for-healthcare-decisions-a-multiarmed-bandit-appr.md,Spoiled for Choice? Personalized Recommendation for Healthcare Decisions: A Multiarmed Bandit Approach,Tongxin Zhou; Yingfei Wang; Lu (Lucy) Yan; Yong Tan,2023,Information Systems Research,10.1287/isre.2022.1191,True,adjudicated_include,True,False,fully_objective_direct,objective_improvement_primary,implemented_software_artifact,,文章以最大化用户参与为明确设计目标，核心评价指标是用户是否实际选择/参与干预（可审计行为事实）、推荐命中率（Precision/Recall/nDCG/MAP）以及客观体重下降率；这些均不依赖人类主观感知或语义判断。作者明确构建了一个个性化医疗推荐系统/框架（设计科学制品），实现了用户嵌入深度模型、项目嵌入深度模型和多样性强化的 bandit 推荐算法，并在真实历史数据上进行了完整的训练、运行和评估。因此三个门槛全部满足，应纳入。,0.9,113552
28565,28565_2023_optional-verification-and-signaling-in-online-matching-markets-evidence-from-a-randomized-field.md,Optional Verification and Signaling in Online Matching Markets: Evidence from a Randomized Field Experiment,Lanfei Shi; Siva Viswanathan,2023,Information Systems Research,10.1287/isre.2022.1194,False,independent_agreement_exclude,False,False,fully_objective_direct,theory_or_explanation_primary,implemented_artifact_component,THEORY_OR_EXPLANATION_PRIMARY,客观指标层面：核心结果变量（验证选择、消息收发、匹配数、对象 popularity）均为平台行为日志或基于行为的客观计算，不依赖主观评分，因此三个指标门为真。制品层面：真实在线交友平台中新增了可选手机号验证功能（邀请、SMS 验证页、徽章展示），属于实际实例化的平台组件，因此制品门也为真。但核心目标门不满足：文章自我定位是检验 optional verification 作为 signaling 机制的理论/实证研究，研究问题与贡献集中在‘谁选择验证、为什么、对不同类型用户有何影响’，客观行为结果主要用于估计因果效应和验证理论预期，而不是把提升某个可测量结果作为最终设计目标或核心贡献。因此 strict_include 为 false。,0.8,102049
28570,28570_2025_ephemeral-state-dependent-recommendation-for-digital-content.md,Ephemeral State-Dependent Recommendation for Digital Content,Lanfei Shi; Jin Liu; Yongjun Li; Natasha Zhang Foutz,2025,Information Systems Research,10.1287/isre.2022.664,True,independent_agreement_include,True,True,fully_objective_direct,objective_improvement_primary,implemented_artifact_component,,"文章设计并实际部署了一种数字内容推荐系统中的状态依赖推荐组件：在真实电子书平台上，通过基于用户最近7天阅读流派宽度判断ephemeral state，并据此选择assimilation或diversification推荐策略，对108,158名用户进行随机现场实验。核心成功指标为推荐书籍的阅读率、阅读时间以及支付金额，均来自平台日志和交易记录，属于完全客观的可观察事实。研究问题、实验设计、结果分析和贡献声明均以提升这些客观消费和利润指标为最终目标，非仅作次要或理论解释。问卷中的主观Likert量表仅用于解释认知机制，并非制品成功的核心结果。因此七个门槛全部通过。",0.96,77036
28578,28578_2026_toward-sustainable-electricity-markets-capacity-based-pricing-for-electric-vehicle-smart-chargin.md,Toward Sustainable Electricity Markets: Capacity-Based Pricing for Electric Vehicle Smart Charging,Konstantina Valogianni; Wolfgang Ketter; John Collins; Gediminas Adomavicius,2026,Information Systems Research,10.1287/isre.2023.0078,False,independent_agreement_exclude,False,False,fully_objective_direct,objective_improvement_primary,algorithm_or_model_only,NO_EXPLICIT_ARTIFACT_CLASS | NO_MATERIAL_ARTIFACT_CHANGE | NO_OPERATIONAL_INSTANTIATION | ALGORITHM_MODEL_ONLY | SIMULATION_ONLY,文章核心目标与评价指标均完全客观：RMSE、峰值、PAPR 和收入偏差都可从仿真充电行为直接计算，不依赖人类主观判断，且负荷再平衡和可再生能源匹配确实是最终设计目标。然而，所提出的容量定价方案和价格设定启发式本质上是数学规则/算法，只在多智能体仿真测试床中运行，没有被实例化为任何明确类别的软件制品或系统组件；没有真实系统、平台、工具、界面或部署证据。因此不满足软件制品三条证据门槛，strict_include=false。,0.88,152890
28582,28582_2026_mitigating-exposure-bias-for-recommendations-in-physical-spaces-an-unbiased-pairwise-ranking-app.md,Mitigating Exposure Bias for Recommendations in Physical Spaces: An Unbiased Pairwise Ranking Approach Using Spatial Movement,Jiangning He; Weikun Wu; Fan Zhang; Zhepeng (Lionel) Li,2026,Information Systems Research,10.1287/isre.2023.0100,False,independent_agreement_exclude,False,False,objective_fixed_factual_labels,objective_improvement_primary,algorithm_or_model_only,NO_EXPLICIT_ARTIFACT_CLASS | NO_MATERIAL_ARTIFACT_CHANGE | NO_OPERATIONAL_INSTANTIATION | ALGORITHM_MODEL_ONLY,客观指标门槛通过：核心指标是推荐准确性（Recall/DCG），基于实际访问日志这一外部可核验事实，不依赖主观感知；客观指标提升也是文章的核心目标。但软件制品门槛失败：文章仅提出并离线评估了一个推荐算法/模型（UMPR），没有明确构建、实例化或运行任何软件制品，也没有对现有软件制品进行实质修改；其推荐结果未来可由移动应用、数字屏幕、AI 机器人等交付，但这些系统并未被设计或实作。因此不满足 IS 文献资格。,0.97,138125
28598,28598_2025_probing-digital-footprints-and-reaching-for-inherent-preferences-a-cause-disentanglement-approac.md,Probing Digital Footprints and Reaching for Inherent Preferences: A Cause-Disentanglement Approach to Personalized Recommendations,Cong Wang; Yansong Shi; Xunhua Guo; Guoqing Chen,2025,Information Systems Research,10.1287/isre.2023.0181,False,independent_agreement_exclude,False,False,objective_fixed_factual_labels,objective_improvement_primary,algorithm_or_model_only,ALGORITHM_MODEL_ONLY | NO_EXPLICIT_ARTIFACT_CLASS | NO_MATERIAL_ARTIFACT_CHANGE | NO_OPERATIONAL_INSTANTIATION,本文的指标是客观的：购买、点击、加购等行为日志以及构造的干预购买标签均为可审计事实，不依赖主观感知或语义评价；提升这些指标也是文章的核心目标。但文章所设计并运行的对象是 DISC 推荐算法/模型，而非明确实例化的软件制品。全文没有提供将其作为某推荐系统或平台组件实际运行、嵌入或改造的证据，只进行了离线数据实验。因此不满足软件制品三重门槛，strict_include=false。,0.96,111638
28640,28640_2025_beyond-complements-and-substitutes-a-graph-neural-network-approach-for-collaborative-retail-sale.md,Beyond Complements and Substitutes: A Graph Neural Network Approach for Collaborative Retail Sales Forecasting,Jing Liu; Gang Wang; Huimin Zhao; Mingfeng Lu; Lihua Huang; Gang Chen,2025,Information Systems Research,10.1287/isre.2023.0773,False,independent_agreement_exclude,False,False,fully_objective_direct,objective_improvement_primary,algorithm_or_model_only,ALGORITHM_MODEL_ONLY | NO_EXPLICIT_ARTIFACT_CLASS | NO_MATERIAL_ARTIFACT_CHANGE | NO_OPERATIONAL_INSTANTIATION,该文的核心指标是零售销量预测的 MAE/RMSE，预测对象为真实交易销量，构念和测量均不依赖主观感知；提升预测精度也是全文的核心目标，评价和贡献均围绕该目标展开。因此客观指标与核心目标两个条件通过。但软件制品条件不满足：文章提出的是 GNN 深度学习预测方法和端到端架构 CL4RSF/MS2RSF，属于在数据集上离线训练和比较的预测模型，而非明确的信息系统、软件工具或可运行数字制品；没有对现有平台/系统的组件进行实质修改，也没有部署或嵌入实际系统的证据。根据算法/模型边界规则，仅离线训练和比较预测模型并讨论未来可集成到推荐、品类规划等系统，不足以构成合格软件制品。因此严格纳入为否。,0.95,131197
28654,28654_2024_motion-sensorbased-fall-prevention-for-senior-care-a-hidden-markov-model-with-generative-adversa.md,Motion Sensor–Based Fall Prevention for Senior Care: A Hidden Markov Model with Generative Adversarial Network Approach,Shuo Yu; Yidong Chai; Sagar Samtani; Hongyan Liu; Hsinchun Chen,2024,Information Systems Research,10.1287/isre.2023.1203,False,independent_agreement_exclude,False,False,objective_fixed_factual_labels,objective_improvement_primary,algorithm_or_model_only,NO_EXPLICIT_ARTIFACT_CLASS | NO_MATERIAL_ARTIFACT_CHANGE | NO_OPERATIONAL_INSTANTIATION | ALGORITHM_MODEL_ONLY,文章以提升完全客观的跌倒预防性能（AUC/F1/accuracy）为核心目标，指标构念和测量均不依赖主观感知，满足前四个门槛。然而，文章仅提出并离线训练/评估HMM-GAN模型和逻辑回归决策模块，没有构建或实质修改任何明确类别的可运行软件制品（如信息系统、应用、平台或交互系统），也没有提供任何实际实例化或运行证据。因此，软件制品门槛不满足，strct_include为false。,0.9,90491
28706,28706_2024_attending-to-customer-attention-a-novel-deep-learning-method-for-leveraging-multimodal-online-re.md,Attending to Customer Attention: A Novel Deep Learning Method for Leveraging Multimodal Online Reviews to Enhance Sales Prediction,Gang Chen; Lihua Huang; Shuaiyong Xiao; Chenghong Zhang; Huimin Zhao,2024,Information Systems Research,10.1287/isre.2021.0292,False,independent_agreement_exclude,False,False,fully_objective_direct,objective_improvement_primary,algorithm_or_model_only,NO_EXPLICIT_ARTIFACT_CLASS | ALGORITHM_MODEL_ONLY,本文的核心目标是以真实酒店月度入住率为预测目标，以RMSE/MAE衡量预测精度，该指标完全客观，且性能提升为文章的核心贡献，因此客观指标和核心目标两重门槛通过。然而，文章提出的DTV-AMI只是一个深度学习预测模型/算法，仅在历史评论数据集上离线训练和评估，没有被明确界定为信息系统、应用、平台、推荐系统等软件制品，也未作为某个软件制品的实际功能组件被实例化或运行。根据审计规则，通用的预测模型在数据集上离线训练并声称可帮助决策，不构成合格的软件制品。因此，不满足软件制品的三个必要条件，应排除。,0.96,116250
